<?xml version="1.0" encoding="UTF-8" standalone="yes"?>
<ns2:BomItemExport xmlns="com/infogix/component/bombase/export/importexport/fdt" xmlns:ns2="com.infogix.component.bomgroup.export.importexport.fdt" uuid="8476ce5ed817407090a0a85ef46fd004" name="INFOGIX_FRAMEWORK" devEnvId="1181" owningMemberId="1020" group="true" appUUID="8476ce5ed817407090a0a85ef46fd004">
    <Child uuid="490f24f905c44168ac164e74f84df6e1" name="DQ Govern Scoring" devEnvId="1181" owningMemberId="1020" group="true" parentUUID="8476ce5ed817407090a0a85ef46fd004" parentName="INFOGIX_FRAMEWORK" appUUID="8476ce5ed817407090a0a85ef46fd004" aclInherited="true">
        <Child uuid="7104ee4f8f504469b77b90c9ab4f06b1" name="Process Models" devEnvId="1181" owningMemberId="1020" group="true" parentUUID="490f24f905c44168ac164e74f84df6e1" parentName="DQ Govern Scoring" appUUID="8476ce5ed817407090a0a85ef46fd004" aclInherited="true">
            <Child uuid="767b68b89d834438a768633ff2f0310b" name="IGX_PM_Rule_Refresher" devEnvId="1181" owningMemberId="1020" group="false" parentUUID="7104ee4f8f504469b77b90c9ab4f06b1" parentName="Process Models" appUUID="8476ce5ed817407090a0a85ef46fd004" aclInherited="true">
                <BomItemObjectRef objectUUID="767b68b89d834438a768633ff2f0310b" objectType="processmodel">
                    <Dependency toObjectUUID="5701bcaf6cd8495fa5dd949d6287da35" toContentType="datastore"/>
                    <Dependency toObjectUUID="9c80456dca96455eaca2be884dbad07c" toContentType="datastore"/>
                    <Dependency toObjectUUID="ef3f05d4af8e4172aeb402b1a958ebe6" toContentType="analysis"/>
                    <Dependency toObjectUUID="58081c0af6234c3d8fe831ec284b6663" toContentType="analysis"/>
                    <Dependency toObjectUUID="38472edec198499395171fc429482e03" toContentType="analysis"/>
                </BomItemObjectRef>
            </Child>
            <Child uuid="a0e82dce24d64dd4ae2c0be2868281aa" name="IGX_PM_Scoring_Engine" devEnvId="1181" owningMemberId="1020" group="false" parentUUID="7104ee4f8f504469b77b90c9ab4f06b1" parentName="Process Models" appUUID="8476ce5ed817407090a0a85ef46fd004" aclInherited="true">
                <BomItemObjectRef objectUUID="a0e82dce24d64dd4ae2c0be2868281aa" objectType="processmodel">
                    <Dependency toObjectUUID="dbae0f3f76e34a4f98b8afea79a23898_ds" toContentType="datastore"/>
                    <Dependency toObjectUUID="c8d86823fbc14248bd9818f4347e50a2" toContentType="analysis"/>
                    <Dependency toObjectUUID="de0aae8f5402435bb5f6e38d393460dc" toContentType="analysis"/>
                    <Dependency toObjectUUID="378e4fb1be7f4b649d41ea50498babea" toContentType="analysis"/>
                    <Dependency toObjectUUID="86323d5328504b2ba3f61e5021720219" toContentType="processmodel"/>
                </BomItemObjectRef>
            </Child>
            <Child uuid="7ae74c1a08ac460c9cb0348ecc0b9e30" name="IGX_PM_MONITOR_SR_STATUS" devEnvId="1181" owningMemberId="1020" group="false" parentUUID="7104ee4f8f504469b77b90c9ab4f06b1" parentName="Process Models" appUUID="8476ce5ed817407090a0a85ef46fd004" aclInherited="true">
                <BomItemObjectRef objectUUID="7ae74c1a08ac460c9cb0348ecc0b9e30" objectType="processmodel">
                    <Dependency toObjectUUID="e495ef369f174b2abafe10644bdb3459" toContentType="analysis"/>
                    <Dependency toObjectUUID="7ae74c1a08ac460c9cb0348ecc0b9e30" toContentType="processmodel"/>
                </BomItemObjectRef>
            </Child>
            <Child uuid="b1ce0fbfc2dc4d00813a37fc2ce592f0" name="IGX_PM_SCORE_REFRESHER" devEnvId="1181" owningMemberId="1020" group="false" parentUUID="7104ee4f8f504469b77b90c9ab4f06b1" parentName="Process Models" appUUID="8476ce5ed817407090a0a85ef46fd004" aclInherited="true">
                <BomItemObjectRef objectUUID="b1ce0fbfc2dc4d00813a37fc2ce592f0" objectType="processmodel">
                    <Dependency toObjectUUID="b924a216a5c944d29ed73f88c56f8cd0" toContentType="analysis"/>
                    <Dependency toObjectUUID="d4eedb78c29d40d9960a19f1588aa17c" toContentType="analysis"/>
                    <Dependency toObjectUUID="069245a041fb464ba4d466aad8f63506" toContentType="analysis"/>
                    <Dependency toObjectUUID="7ae74c1a08ac460c9cb0348ecc0b9e30" toContentType="processmodel"/>
                </BomItemObjectRef>
            </Child>
            <Child uuid="86323d5328504b2ba3f61e5021720219" name="IGX_PM_Scoring_Engine_Rollup_Score" devEnvId="1181" owningMemberId="1020" group="false" parentUUID="7104ee4f8f504469b77b90c9ab4f06b1" parentName="Process Models" appUUID="8476ce5ed817407090a0a85ef46fd004" aclInherited="true">
                <BomItemObjectRef objectUUID="86323d5328504b2ba3f61e5021720219" objectType="processmodel">
                    <Dependency toObjectUUID="cad2ad7f041f465488b754e90943479a" toContentType="analysis"/>
                    <Dependency toObjectUUID="86323d5328504b2ba3f61e5021720219" toContentType="processmodel"/>
                </BomItemObjectRef>
            </Child>
            <Child uuid="258b34e27b8747f584561db336f86761" name="IGX_PM_DASHBOARD_PREPARATION" devEnvId="1181" owningMemberId="1020" group="false" parentUUID="7104ee4f8f504469b77b90c9ab4f06b1" parentName="Process Models" appUUID="8476ce5ed817407090a0a85ef46fd004" aclInherited="true">
                <BomItemObjectRef objectUUID="258b34e27b8747f584561db336f86761" objectType="processmodel">
                    <Dependency toObjectUUID="db3f623da59c4939b446df81d4ee8fc0" toContentType="datastore"/>
                    <Dependency toObjectUUID="d9566487f28d4b90ac20edc66081e400" toContentType="datastore"/>
                    <Dependency toObjectUUID="3888d516f9d74b4a9d8b312494770bc1" toContentType="analysis"/>
                    <Dependency toObjectUUID="927c750bad824349892681594265af5b" toContentType="analysis"/>
                    <Dependency toObjectUUID="52455aff848a4fc7922024f8e0c1bbce" toContentType="analysis"/>
                    <Dependency toObjectUUID="d7c68159790c4dd2a36ab90cbf06ff7e" toContentType="dataview"/>
                    <Dependency toObjectUUID="4b26a3e17fd54f548c28b25371c6f4ff" toContentType="dataview"/>
                    <Dependency toObjectUUID="96dcef0fea2641c28ade2ad7adbebeea" toContentType="dataview"/>
                    <Dependency toObjectUUID="85cb7926821e4645951d4a71b6acdd6b" toContentType="dataview"/>
                </BomItemObjectRef>
            </Child>
        </Child>
        <Child uuid="0a439cfef7864aec8815d3b595963d98" name="Analysis" devEnvId="1181" owningMemberId="1020" group="true" parentUUID="490f24f905c44168ac164e74f84df6e1" parentName="DQ Govern Scoring" appUUID="8476ce5ed817407090a0a85ef46fd004" aclInherited="true">
            <Child uuid="38472edec198499395171fc429482e03" name="IGX_PRC_Build_Hierarchy" devEnvId="1181" owningMemberId="1020" group="false" parentUUID="0a439cfef7864aec8815d3b595963d98" parentName="Analysis" appUUID="8476ce5ed817407090a0a85ef46fd004" aclInherited="true">
                <BomItemObjectRef objectUUID="38472edec198499395171fc429482e03" objectType="analysis">
                    <Dependency toObjectUUID="5701bcaf6cd8495fa5dd949d6287da35" toContentType="datastore"/>
                    <Dependency toObjectUUID="5ed5429e03344c608fbdac09efdfc973" toContentType="datastore"/>
                    <Dependency toObjectUUID="9c80456dca96455eaca2be884dbad07c" toContentType="datastore"/>
                </BomItemObjectRef>
            </Child>
            <Child uuid="ef3f05d4af8e4172aeb402b1a958ebe6" name="IGX_PRC_Rule_Refresher" devEnvId="1181" owningMemberId="1020" group="false" parentUUID="0a439cfef7864aec8815d3b595963d98" parentName="Analysis" appUUID="8476ce5ed817407090a0a85ef46fd004" aclInherited="true">
                <BomItemObjectRef objectUUID="ef3f05d4af8e4172aeb402b1a958ebe6" objectType="analysis">
                    <Dependency toObjectUUID="113d2c8c3dfa49579db80ae480cbb2df" toContentType="datastore"/>
                    <Dependency toObjectUUID="5ed5429e03344c608fbdac09efdfc973" toContentType="datastore"/>
                    <Dependency toObjectUUID="1f4f8ffe31724e1e83dd2920b7acd05f" toContentType="datastore"/>
                    <Dependency toObjectUUID="5701bcaf6cd8495fa5dd949d6287da35" toContentType="datastore"/>
                </BomItemObjectRef>
            </Child>
            <Child uuid="58081c0af6234c3d8fe831ec284b6663" name="IGX_PRC_Rule_Refresher_Log" devEnvId="1181" owningMemberId="1020" group="false" parentUUID="0a439cfef7864aec8815d3b595963d98" parentName="Analysis" appUUID="8476ce5ed817407090a0a85ef46fd004" aclInherited="true">
                <BomItemObjectRef objectUUID="58081c0af6234c3d8fe831ec284b6663" objectType="analysis">
                    <Dependency toObjectUUID="5ed5429e03344c608fbdac09efdfc973" toContentType="datastore"/>
                    <Dependency toObjectUUID="9f6dd943a9e34c5885407a58997715ff" toContentType="datastore"/>
                </BomItemObjectRef>
            </Child>
            <Child uuid="501a70838cdb4185a56dfed3b04cc1b1" name="IGX_PRC_RE_Evaluate_DQ_Rules" devEnvId="1181" owningMemberId="1020" group="false" parentUUID="0a439cfef7864aec8815d3b595963d98" parentName="Analysis" appUUID="8476ce5ed817407090a0a85ef46fd004" aclInherited="true">
                <BomItemObjectRef objectUUID="501a70838cdb4185a56dfed3b04cc1b1" objectType="analysis">
                    <Dependency toObjectUUID="113d2c8c3dfa49579db80ae480cbb2df" toContentType="datastore"/>
                </BomItemObjectRef>
            </Child>
            <Child uuid="c8d86823fbc14248bd9818f4347e50a2" name="IGX_PRC_Scoring_Engine_Part_A" devEnvId="1181" owningMemberId="1020" group="false" parentUUID="0a439cfef7864aec8815d3b595963d98" parentName="Analysis" appUUID="8476ce5ed817407090a0a85ef46fd004" aclInherited="true">
                <BomItemObjectRef objectUUID="c8d86823fbc14248bd9818f4347e50a2" objectType="analysis">
                    <Dependency toObjectUUID="f77997ea514e434f90e84ebad667a0e8" toContentType="datastore"/>
                    <Dependency toObjectUUID="43033c39a72943b19ad1d6ce0d323148" toContentType="datastore"/>
                    <Dependency toObjectUUID="585fbedd5ffd4dcbae2b658b4c3b0eb2" toContentType="datastore"/>
                    <Dependency toObjectUUID="9c80456dca96455eaca2be884dbad07c" toContentType="datastore"/>
                    <Dependency toObjectUUID="3430d4bc6c4248c687cea9a79e231e0f" toContentType="datastore"/>
                    <Dependency toObjectUUID="4f2be746abf741159fe03e317877ac3f" toContentType="datastore"/>
                    <Dependency toObjectUUID="ce3f20ab8ce8480c89ca294dbae0d866" toContentType="datastore"/>
                </BomItemObjectRef>
            </Child>
            <Child uuid="de0aae8f5402435bb5f6e38d393460dc" name="IGX_PRC_Scoring_Engine_Log" devEnvId="1181" owningMemberId="1020" group="false" parentUUID="0a439cfef7864aec8815d3b595963d98" parentName="Analysis" appUUID="8476ce5ed817407090a0a85ef46fd004" aclInherited="true">
                <BomItemObjectRef objectUUID="de0aae8f5402435bb5f6e38d393460dc" objectType="analysis">
                    <Dependency toObjectUUID="5ed5429e03344c608fbdac09efdfc973" toContentType="datastore"/>
                    <Dependency toObjectUUID="f77997ea514e434f90e84ebad667a0e8" toContentType="datastore"/>
                </BomItemObjectRef>
            </Child>
            <Child uuid="069245a041fb464ba4d466aad8f63506" name="IGX_PRC_SCORE_REFRESHER_END_LOG" devEnvId="1181" owningMemberId="1020" group="false" parentUUID="0a439cfef7864aec8815d3b595963d98" parentName="Analysis" appUUID="8476ce5ed817407090a0a85ef46fd004" aclInherited="true">
                <BomItemObjectRef objectUUID="069245a041fb464ba4d466aad8f63506" objectType="analysis">
                    <Dependency toObjectUUID="dd113d14e5f54441ac5cf597fd5676df" toContentType="datastore"/>
                </BomItemObjectRef>
            </Child>
            <Child uuid="b924a216a5c944d29ed73f88c56f8cd0" name="IGX_PRC_FIND_NEW_FOR_SCORE_REFRESHER" devEnvId="1181" owningMemberId="1020" group="false" parentUUID="0a439cfef7864aec8815d3b595963d98" parentName="Analysis" appUUID="8476ce5ed817407090a0a85ef46fd004" aclInherited="true">
                <BomItemObjectRef objectUUID="b924a216a5c944d29ed73f88c56f8cd0" objectType="analysis">
                    <Dependency toObjectUUID="f77997ea514e434f90e84ebad667a0e8" toContentType="datastore"/>
                    <Dependency toObjectUUID="5701bcaf6cd8495fa5dd949d6287da35" toContentType="datastore"/>
                    <Dependency toObjectUUID="dd113d14e5f54441ac5cf597fd5676df" toContentType="datastore"/>
                </BomItemObjectRef>
            </Child>
            <Child uuid="e495ef369f174b2abafe10644bdb3459" name="IGX_PRC_MONITOR_RESULT_POSTING_STATUS" devEnvId="1181" owningMemberId="1020" group="false" parentUUID="0a439cfef7864aec8815d3b595963d98" parentName="Analysis" appUUID="8476ce5ed817407090a0a85ef46fd004" aclInherited="true">
                <BomItemObjectRef objectUUID="e495ef369f174b2abafe10644bdb3459" objectType="analysis">
                    <Dependency toObjectUUID="5ed5429e03344c608fbdac09efdfc973" toContentType="datastore"/>
                </BomItemObjectRef>
            </Child>
            <Child uuid="d4eedb78c29d40d9960a19f1588aa17c" name="IGX_PRC_POST_SCORES_TO_GOVERN" devEnvId="1181" owningMemberId="1020" group="false" parentUUID="0a439cfef7864aec8815d3b595963d98" parentName="Analysis" appUUID="8476ce5ed817407090a0a85ef46fd004" aclInherited="true">
                <BomItemObjectRef objectUUID="d4eedb78c29d40d9960a19f1588aa17c" objectType="analysis">
                    <Dependency toObjectUUID="5ed5429e03344c608fbdac09efdfc973" toContentType="datastore"/>
                    <Dependency toObjectUUID="4f2be746abf741159fe03e317877ac3f" toContentType="datastore"/>
                </BomItemObjectRef>
            </Child>
            <Child uuid="378e4fb1be7f4b649d41ea50498babea" name="IGX_PRC_Scoring_Engine_Part_B" devEnvId="1181" owningMemberId="1020" group="false" parentUUID="0a439cfef7864aec8815d3b595963d98" parentName="Analysis" appUUID="8476ce5ed817407090a0a85ef46fd004" aclInherited="true">
                <BomItemObjectRef objectUUID="378e4fb1be7f4b649d41ea50498babea" objectType="analysis">
                    <Dependency toObjectUUID="9c80456dca96455eaca2be884dbad07c" toContentType="datastore"/>
                    <Dependency toObjectUUID="5701bcaf6cd8495fa5dd949d6287da35" toContentType="datastore"/>
                    <Dependency toObjectUUID="dbae0f3f76e34a4f98b8afea79a23898_ds" toContentType="datastore"/>
                </BomItemObjectRef>
            </Child>
            <Child uuid="cad2ad7f041f465488b754e90943479a" name="IGX_PRC_Scoring_Engine_Rollup_Score" devEnvId="1181" owningMemberId="1020" group="false" parentUUID="0a439cfef7864aec8815d3b595963d98" parentName="Analysis" appUUID="8476ce5ed817407090a0a85ef46fd004" aclInherited="true">
                <BomItemObjectRef objectUUID="cad2ad7f041f465488b754e90943479a" objectType="analysis">
                    <Dependency toObjectUUID="4f2be746abf741159fe03e317877ac3f" toContentType="datastore"/>
                    <Dependency toObjectUUID="9c80456dca96455eaca2be884dbad07c" toContentType="datastore"/>
                    <Dependency toObjectUUID="dbae0f3f76e34a4f98b8afea79a23898_ds" toContentType="datastore"/>
                </BomItemObjectRef>
            </Child>
            <Child uuid="52455aff848a4fc7922024f8e0c1bbce" name="IGX_PRC_DS_Latest_DS_DQ_Results" devEnvId="1181" owningMemberId="1020" group="false" parentUUID="0a439cfef7864aec8815d3b595963d98" parentName="Analysis" appUUID="8476ce5ed817407090a0a85ef46fd004" aclInherited="true">
                <BomItemObjectRef objectUUID="52455aff848a4fc7922024f8e0c1bbce" objectType="analysis">
                    <Dependency toObjectUUID="3430d4bc6c4248c687cea9a79e231e0f" toContentType="datastore"/>
                    <Dependency toObjectUUID="d9566487f28d4b90ac20edc66081e400" toContentType="datastore"/>
                </BomItemObjectRef>
            </Child>
            <Child uuid="927c750bad824349892681594265af5b" name="IGX_PRC_DS_Latest_DS_DQ_Detail_Score" devEnvId="1181" owningMemberId="1020" group="false" parentUUID="0a439cfef7864aec8815d3b595963d98" parentName="Analysis" appUUID="8476ce5ed817407090a0a85ef46fd004" aclInherited="true">
                <BomItemObjectRef objectUUID="927c750bad824349892681594265af5b" objectType="analysis">
                    <Dependency toObjectUUID="ce3f20ab8ce8480c89ca294dbae0d866" toContentType="datastore"/>
                    <Dependency toObjectUUID="db3f623da59c4939b446df81d4ee8fc0" toContentType="datastore"/>
                </BomItemObjectRef>
            </Child>
            <Child uuid="3888d516f9d74b4a9d8b312494770bc1" name="IGX_PRC_DS_DQ_HIERARCHICAL_SCORE" devEnvId="1181" owningMemberId="1020" group="false" parentUUID="0a439cfef7864aec8815d3b595963d98" parentName="Analysis" appUUID="8476ce5ed817407090a0a85ef46fd004" aclInherited="true">
                <BomItemObjectRef objectUUID="3888d516f9d74b4a9d8b312494770bc1" objectType="analysis">
                    <Dependency toObjectUUID="9c80456dca96455eaca2be884dbad07c" toContentType="datastore"/>
                    <Dependency toObjectUUID="ce3f20ab8ce8480c89ca294dbae0d866" toContentType="datastore"/>
                    <Dependency toObjectUUID="113d2c8c3dfa49579db80ae480cbb2df" toContentType="datastore"/>
                    <Dependency toObjectUUID="5701bcaf6cd8495fa5dd949d6287da35" toContentType="datastore"/>
                    <Dependency toObjectUUID="cfb8fd5b392c49a2ae15db573bb0a198_ds" toContentType="datastore"/>
                </BomItemObjectRef>
            </Child>
        </Child>
        <Child uuid="924d26bddb5d4f72845caa0d2abde65b" name="Data Stores" devEnvId="1181" owningMemberId="1020" group="true" parentUUID="490f24f905c44168ac164e74f84df6e1" parentName="DQ Govern Scoring" appUUID="8476ce5ed817407090a0a85ef46fd004" aclInherited="true">
            <Child uuid="10ff5df6be05450a942753f7861a0a7a_ds" name="Data_Element_Rules_Output" devEnvId="1181" owningMemberId="1020" group="false" parentUUID="924d26bddb5d4f72845caa0d2abde65b" parentName="Data Stores" appUUID="8476ce5ed817407090a0a85ef46fd004" aclInherited="true">
                <BomItemObjectRef objectUUID="10ff5df6be05450a942753f7861a0a7a_ds" objectType="datastore"/>
            </Child>
            <Child uuid="512e680088f746d1b10bd72ce8f4685a_ds" name="Data_Element_Rules_Org_Output" devEnvId="1181" owningMemberId="1020" group="false" parentUUID="924d26bddb5d4f72845caa0d2abde65b" parentName="Data Stores" appUUID="8476ce5ed817407090a0a85ef46fd004" aclInherited="true">
                <BomItemObjectRef objectUUID="512e680088f746d1b10bd72ce8f4685a_ds" objectType="datastore"/>
            </Child>
            <Child uuid="a9a3eeb8016d4c2983f865f738298b6d_ds" name="Data_Element_Rules_Latest_Version" devEnvId="1181" owningMemberId="1020" group="false" parentUUID="924d26bddb5d4f72845caa0d2abde65b" parentName="Data Stores" appUUID="8476ce5ed817407090a0a85ef46fd004" aclInherited="true">
                <BomItemObjectRef objectUUID="a9a3eeb8016d4c2983f865f738298b6d_ds" objectType="datastore"/>
            </Child>
            <Child uuid="5ed5429e03344c608fbdac09efdfc973" name="Dummy" devEnvId="1181" owningMemberId="1020" group="false" parentUUID="924d26bddb5d4f72845caa0d2abde65b" parentName="Data Stores" appUUID="8476ce5ed817407090a0a85ef46fd004" aclInherited="true">
                <BomItemObjectRef objectUUID="5ed5429e03344c608fbdac09efdfc973" objectType="datastore"/>
            </Child>
            <Child uuid="9f6dd943a9e34c5885407a58997715ff" name="IGX_DB_RULE_REFRESHER_LOG" devEnvId="1181" owningMemberId="1020" group="false" parentUUID="924d26bddb5d4f72845caa0d2abde65b" parentName="Data Stores" appUUID="8476ce5ed817407090a0a85ef46fd004" aclInherited="true">
                <BomItemObjectRef objectUUID="9f6dd943a9e34c5885407a58997715ff" objectType="datastore"/>
            </Child>
            <Child uuid="113d2c8c3dfa49579db80ae480cbb2df" name="IGX_DS_DG_DATA_ELEMENT_RULES" devEnvId="1181" owningMemberId="1020" group="false" parentUUID="924d26bddb5d4f72845caa0d2abde65b" parentName="Data Stores" appUUID="8476ce5ed817407090a0a85ef46fd004" aclInherited="true">
                <BomItemObjectRef objectUUID="113d2c8c3dfa49579db80ae480cbb2df" objectType="datastore"/>
            </Child>
            <Child uuid="1f4f8ffe31724e1e83dd2920b7acd05f" name="IGX_DS_DG_DATA_ELEMENT_RULES_ORG" devEnvId="1181" owningMemberId="1020" group="false" parentUUID="924d26bddb5d4f72845caa0d2abde65b" parentName="Data Stores" appUUID="8476ce5ed817407090a0a85ef46fd004" aclInherited="true">
                <BomItemObjectRef objectUUID="1f4f8ffe31724e1e83dd2920b7acd05f" objectType="datastore"/>
            </Child>
            <Child uuid="3430d4bc6c4248c687cea9a79e231e0f" name="IGX_DS_DQ_RESULTS" devEnvId="1181" owningMemberId="1020" group="false" parentUUID="924d26bddb5d4f72845caa0d2abde65b" parentName="Data Stores" appUUID="8476ce5ed817407090a0a85ef46fd004" aclInherited="true">
                <BomItemObjectRef objectUUID="3430d4bc6c4248c687cea9a79e231e0f" objectType="datastore"/>
            </Child>
            <Child uuid="9c80456dca96455eaca2be884dbad07c" name="IGX_DS_DG_HIERARCHY" devEnvId="1181" owningMemberId="1020" group="false" parentUUID="924d26bddb5d4f72845caa0d2abde65b" parentName="Data Stores" appUUID="8476ce5ed817407090a0a85ef46fd004" aclInherited="true">
                <BomItemObjectRef objectUUID="9c80456dca96455eaca2be884dbad07c" objectType="datastore"/>
            </Child>
            <Child uuid="ce3f20ab8ce8480c89ca294dbae0d866" name="IGX_DS_DQ_DETAIL_SCORE" devEnvId="1181" owningMemberId="1020" group="false" parentUUID="924d26bddb5d4f72845caa0d2abde65b" parentName="Data Stores" appUUID="8476ce5ed817407090a0a85ef46fd004" aclInherited="true">
                <BomItemObjectRef objectUUID="ce3f20ab8ce8480c89ca294dbae0d866" objectType="datastore"/>
            </Child>
            <Child uuid="43033c39a72943b19ad1d6ce0d323148" name="IGX_DS_DQ_ELEMENT_SCORE" devEnvId="1181" owningMemberId="1020" group="false" parentUUID="924d26bddb5d4f72845caa0d2abde65b" parentName="Data Stores" appUUID="8476ce5ed817407090a0a85ef46fd004" aclInherited="true">
                <BomItemObjectRef objectUUID="43033c39a72943b19ad1d6ce0d323148" objectType="datastore"/>
            </Child>
            <Child uuid="4f2be746abf741159fe03e317877ac3f" name="IGX_DS_DQ_ROLLUP_SCORE" devEnvId="1181" owningMemberId="1020" group="false" parentUUID="924d26bddb5d4f72845caa0d2abde65b" parentName="Data Stores" appUUID="8476ce5ed817407090a0a85ef46fd004" aclInherited="true">
                <BomItemObjectRef objectUUID="4f2be746abf741159fe03e317877ac3f" objectType="datastore"/>
            </Child>
            <Child uuid="585fbedd5ffd4dcbae2b658b4c3b0eb2" name="IGX_DS_DQ_RULE_SCORE" devEnvId="1181" owningMemberId="1020" group="false" parentUUID="924d26bddb5d4f72845caa0d2abde65b" parentName="Data Stores" appUUID="8476ce5ed817407090a0a85ef46fd004" aclInherited="true">
                <BomItemObjectRef objectUUID="585fbedd5ffd4dcbae2b658b4c3b0eb2" objectType="datastore"/>
            </Child>
            <Child uuid="f77997ea514e434f90e84ebad667a0e8" name="IGX_DB_SCORING_ENGINE_LOG" devEnvId="1181" owningMemberId="1020" group="false" parentUUID="924d26bddb5d4f72845caa0d2abde65b" parentName="Data Stores" appUUID="8476ce5ed817407090a0a85ef46fd004" aclInherited="true">
                <BomItemObjectRef objectUUID="f77997ea514e434f90e84ebad667a0e8" objectType="datastore"/>
            </Child>
            <Child uuid="5701bcaf6cd8495fa5dd949d6287da35" name="IGX_DB_DG_SCORING_CONFIG" devEnvId="1181" owningMemberId="1020" group="false" parentUUID="924d26bddb5d4f72845caa0d2abde65b" parentName="Data Stores" appUUID="8476ce5ed817407090a0a85ef46fd004" aclInherited="true">
                <BomItemObjectRef objectUUID="5701bcaf6cd8495fa5dd949d6287da35" objectType="datastore"/>
            </Child>
            <Child uuid="dd113d14e5f54441ac5cf597fd5676df" name="IGX_DB_SCORE_REFRESHER_LOG" devEnvId="1181" owningMemberId="1020" group="false" parentUUID="924d26bddb5d4f72845caa0d2abde65b" parentName="Data Stores" appUUID="8476ce5ed817407090a0a85ef46fd004" aclInherited="true">
                <BomItemObjectRef objectUUID="dd113d14e5f54441ac5cf597fd5676df" objectType="datastore"/>
            </Child>
            <Child uuid="dbae0f3f76e34a4f98b8afea79a23898_ds" name="ASSET_LEVEL_TEMP" devEnvId="1181" owningMemberId="1020" group="false" parentUUID="924d26bddb5d4f72845caa0d2abde65b" parentName="Data Stores" appUUID="8476ce5ed817407090a0a85ef46fd004" aclInherited="true">
                <BomItemObjectRef objectUUID="dbae0f3f76e34a4f98b8afea79a23898_ds" objectType="datastore"/>
            </Child>
            <Child uuid="d9566487f28d4b90ac20edc66081e400" name="IGX_DS_LATEST_DS_DQ_RESULTS" devEnvId="1181" owningMemberId="1020" group="false" parentUUID="924d26bddb5d4f72845caa0d2abde65b" parentName="Data Stores" appUUID="8476ce5ed817407090a0a85ef46fd004" aclInherited="true">
                <BomItemObjectRef objectUUID="d9566487f28d4b90ac20edc66081e400" objectType="datastore"/>
            </Child>
            <Child uuid="db3f623da59c4939b446df81d4ee8fc0" name="IGX_DS_LATEST_DS_DQ_DETAIL_SCORE" devEnvId="1181" owningMemberId="1020" group="false" parentUUID="924d26bddb5d4f72845caa0d2abde65b" parentName="Data Stores" appUUID="8476ce5ed817407090a0a85ef46fd004" aclInherited="true">
                <BomItemObjectRef objectUUID="db3f623da59c4939b446df81d4ee8fc0" objectType="datastore"/>
            </Child>
            <Child uuid="cfb8fd5b392c49a2ae15db573bb0a198_ds" name="IGX_DS_DQ_HIERARCHICAL_SCORE" devEnvId="1181" owningMemberId="1020" group="false" parentUUID="924d26bddb5d4f72845caa0d2abde65b" parentName="Data Stores" appUUID="8476ce5ed817407090a0a85ef46fd004" aclInherited="true">
                <BomItemObjectRef objectUUID="cfb8fd5b392c49a2ae15db573bb0a198_ds" objectType="datastore"/>
            </Child>
        </Child>
        <Child uuid="46d6cc950be34c249335bd07eb08b293" name="Data Views" devEnvId="1181" owningMemberId="1020" group="true" parentUUID="490f24f905c44168ac164e74f84df6e1" parentName="DQ Govern Scoring" appUUID="8476ce5ed817407090a0a85ef46fd004" aclInherited="true">
            <Child uuid="d7c68159790c4dd2a36ab90cbf06ff7e" name="IGX_DV_LATEST_DS_DQ_DETAIL_SCORE" devEnvId="1181" owningMemberId="1020" group="false" parentUUID="46d6cc950be34c249335bd07eb08b293" parentName="Data Views" appUUID="8476ce5ed817407090a0a85ef46fd004" aclInherited="true">
                <BomItemObjectRef objectUUID="d7c68159790c4dd2a36ab90cbf06ff7e" objectType="dataview">
                    <Dependency toObjectUUID="db3f623da59c4939b446df81d4ee8fc0" toContentType="datastore"/>
                </BomItemObjectRef>
            </Child>
            <Child uuid="4b26a3e17fd54f548c28b25371c6f4ff" name="IGX_DV_LATEST_DS_DQ_RESULT" devEnvId="1181" owningMemberId="1020" group="false" parentUUID="46d6cc950be34c249335bd07eb08b293" parentName="Data Views" appUUID="8476ce5ed817407090a0a85ef46fd004" aclInherited="true">
                <BomItemObjectRef objectUUID="4b26a3e17fd54f548c28b25371c6f4ff" objectType="dataview">
                    <Dependency toObjectUUID="d9566487f28d4b90ac20edc66081e400" toContentType="datastore"/>
                </BomItemObjectRef>
            </Child>
            <Child uuid="96dcef0fea2641c28ade2ad7adbebeea" name="IGX_DV_DS_DQ_ROLLUP_SCORE" devEnvId="1181" owningMemberId="1020" group="false" parentUUID="46d6cc950be34c249335bd07eb08b293" parentName="Data Views" appUUID="8476ce5ed817407090a0a85ef46fd004" aclInherited="true">
                <BomItemObjectRef objectUUID="96dcef0fea2641c28ade2ad7adbebeea" objectType="dataview">
                    <Dependency toObjectUUID="4f2be746abf741159fe03e317877ac3f" toContentType="datastore"/>
                </BomItemObjectRef>
            </Child>
            <Child uuid="85cb7926821e4645951d4a71b6acdd6b" name="IGX_DV_DQ_HISTORICAL_HIERARCHICAL_SCORE" devEnvId="1181" owningMemberId="1020" group="false" parentUUID="46d6cc950be34c249335bd07eb08b293" parentName="Data Views" appUUID="8476ce5ed817407090a0a85ef46fd004" aclInherited="true">
                <BomItemObjectRef objectUUID="85cb7926821e4645951d4a71b6acdd6b" objectType="dataview">
                    <Dependency toObjectUUID="cfb8fd5b392c49a2ae15db573bb0a198_ds" toContentType="datastore"/>
                </BomItemObjectRef>
            </Child>
        </Child>
        <Child uuid="9613adb4e0d748e4aef9b2bb842a27e9" name="Dashboards" devEnvId="1181" owningMemberId="1020" group="true" parentUUID="490f24f905c44168ac164e74f84df6e1" parentName="DQ Govern Scoring" appUUID="8476ce5ed817407090a0a85ef46fd004" aclInherited="true">
            <Child uuid="c6f16952-8bee-4dc9-b004-974a84cacfe7" name="DQ Overview" devEnvId="1181" owningMemberId="1020" group="false" parentUUID="9613adb4e0d748e4aef9b2bb842a27e9" parentName="Dashboards" appUUID="8476ce5ed817407090a0a85ef46fd004" aclInherited="true">
                <BomItemObjectRef objectUUID="c6f16952-8bee-4dc9-b004-974a84cacfe7" objectType="dashboard">
                    <Dependency toObjectUUID="96dcef0fea2641c28ade2ad7adbebeea" toContentType="dataview"/>
                    <Dependency toObjectUUID="85cb7926821e4645951d4a71b6acdd6b" toContentType="dataview"/>
                    <Dependency toObjectUUID="4b26a3e17fd54f548c28b25371c6f4ff" toContentType="dataview"/>
                    <Dependency toObjectUUID="c6f16952-8bee-4dc9-b004-974a84cacfe7" toContentType="dashboard"/>
                    <Dependency toObjectUUID="d7c68159790c4dd2a36ab90cbf06ff7e" toContentType="dataview"/>
                </BomItemObjectRef>
            </Child>
        </Child>
        <Child uuid="843ec746728b4dd8bd23719d02455ad1" name="Sample" devEnvId="1181" owningMemberId="1020" group="true" parentUUID="490f24f905c44168ac164e74f84df6e1" parentName="DQ Govern Scoring" appUUID="8476ce5ed817407090a0a85ef46fd004" aclInherited="true">
            <Child uuid="001e621ec9964a9dbe40f72984ba9d94" name="Data Store" devEnvId="1181" owningMemberId="1020" group="true" parentUUID="843ec746728b4dd8bd23719d02455ad1" parentName="Sample" appUUID="8476ce5ed817407090a0a85ef46fd004" aclInherited="true">
                <Child uuid="ae7300787a894b87aa4e58b2f8a02e5d" name="CMF_EXT_DATA_Input" devEnvId="1181" owningMemberId="1020" group="false" parentUUID="001e621ec9964a9dbe40f72984ba9d94" parentName="Data Store" appUUID="8476ce5ed817407090a0a85ef46fd004" aclInherited="true">
                    <BomItemObjectRef objectUUID="ae7300787a894b87aa4e58b2f8a02e5d" objectType="datastore"/>
                </Child>
                <Child uuid="1bd23d599abf4a87957ab7e3e90777a0" name="CMF_Input" devEnvId="1181" owningMemberId="1020" group="false" parentUUID="001e621ec9964a9dbe40f72984ba9d94" parentName="Data Store" appUUID="8476ce5ed817407090a0a85ef46fd004" aclInherited="true">
                    <BomItemObjectRef objectUUID="1bd23d599abf4a87957ab7e3e90777a0" objectType="datastore"/>
                </Child>
                <Child uuid="af9a150410a74e098f0ac6eb6acdd95e" name="CUSTOMER_ID_ACCT_MAP_Input" devEnvId="1181" owningMemberId="1020" group="false" parentUUID="001e621ec9964a9dbe40f72984ba9d94" parentName="Data Store" appUUID="8476ce5ed817407090a0a85ef46fd004" aclInherited="true">
                    <BomItemObjectRef objectUUID="af9a150410a74e098f0ac6eb6acdd95e" objectType="datastore"/>
                </Child>
            </Child>
            <Child uuid="f19660a755224b54a81de74341e42b48" name="Analysis" devEnvId="1181" owningMemberId="1020" group="true" parentUUID="843ec746728b4dd8bd23719d02455ad1" parentName="Sample" appUUID="8476ce5ed817407090a0a85ef46fd004" aclInherited="true">
                <Child uuid="b288509c0fb94bc7808869770f569e2a" name="IGX_PRC_RE_Read_Source_CUSTOMER_ID_ACCT_MAP" devEnvId="1181" owningMemberId="1020" group="false" parentUUID="f19660a755224b54a81de74341e42b48" parentName="Analysis" appUUID="8476ce5ed817407090a0a85ef46fd004" aclInherited="true">
                    <BomItemObjectRef objectUUID="b288509c0fb94bc7808869770f569e2a" objectType="analysis">
                        <Dependency toObjectUUID="af9a150410a74e098f0ac6eb6acdd95e" toContentType="datastore"/>
                        <Dependency toObjectUUID="3430d4bc6c4248c687cea9a79e231e0f" toContentType="datastore"/>
                        <Dependency toObjectUUID="501a70838cdb4185a56dfed3b04cc1b1" toContentType="analysis"/>
                    </BomItemObjectRef>
                </Child>
                <Child uuid="e2f462a6d4a341ffa6f7ebbd6cfe6574" name="IGX_PRC_RE_Read_Source_CMF_EXT_DATA" devEnvId="1181" owningMemberId="1020" group="false" parentUUID="f19660a755224b54a81de74341e42b48" parentName="Analysis" appUUID="8476ce5ed817407090a0a85ef46fd004" aclInherited="true">
                    <BomItemObjectRef objectUUID="e2f462a6d4a341ffa6f7ebbd6cfe6574" objectType="analysis">
                        <Dependency toObjectUUID="ae7300787a894b87aa4e58b2f8a02e5d" toContentType="datastore"/>
                        <Dependency toObjectUUID="3430d4bc6c4248c687cea9a79e231e0f" toContentType="datastore"/>
                        <Dependency toObjectUUID="501a70838cdb4185a56dfed3b04cc1b1" toContentType="analysis"/>
                    </BomItemObjectRef>
                </Child>
                <Child uuid="e147e9a36fb54278a2b3f786f82e8c28" name="IGX_PRC_RE_Read_Source_CMF" devEnvId="1181" owningMemberId="1020" group="false" parentUUID="f19660a755224b54a81de74341e42b48" parentName="Analysis" appUUID="8476ce5ed817407090a0a85ef46fd004" aclInherited="true">
                    <BomItemObjectRef objectUUID="e147e9a36fb54278a2b3f786f82e8c28" objectType="analysis">
                        <Dependency toObjectUUID="1bd23d599abf4a87957ab7e3e90777a0" toContentType="datastore"/>
                        <Dependency toObjectUUID="3430d4bc6c4248c687cea9a79e231e0f" toContentType="datastore"/>
                        <Dependency toObjectUUID="501a70838cdb4185a56dfed3b04cc1b1" toContentType="analysis"/>
                    </BomItemObjectRef>
                </Child>
            </Child>
            <Child uuid="a510fdd7c9204466b78012227df6c503" name="Process Model" devEnvId="1181" owningMemberId="1020" group="true" parentUUID="843ec746728b4dd8bd23719d02455ad1" parentName="Sample" appUUID="8476ce5ed817407090a0a85ef46fd004" aclInherited="true">
                <Child uuid="847541e30b054c8ab3c77151eb29c3b0" name="IGX_PM_Rule_Evaluate_CMF" devEnvId="1181" owningMemberId="1020" group="false" parentUUID="a510fdd7c9204466b78012227df6c503" parentName="Process Model" appUUID="8476ce5ed817407090a0a85ef46fd004" aclInherited="true">
                    <BomItemObjectRef objectUUID="847541e30b054c8ab3c77151eb29c3b0" objectType="processmodel">
                        <Dependency toObjectUUID="e147e9a36fb54278a2b3f786f82e8c28" toContentType="analysis"/>
                    </BomItemObjectRef>
                </Child>
                <Child uuid="ef38602c3e9a40618393603f2634c0dc" name="IGX_PM_Rule_Evaluate_CMF_EXT_DATA" devEnvId="1181" owningMemberId="1020" group="false" parentUUID="a510fdd7c9204466b78012227df6c503" parentName="Process Model" appUUID="8476ce5ed817407090a0a85ef46fd004" aclInherited="true">
                    <BomItemObjectRef objectUUID="ef38602c3e9a40618393603f2634c0dc" objectType="processmodel">
                        <Dependency toObjectUUID="e2f462a6d4a341ffa6f7ebbd6cfe6574" toContentType="analysis"/>
                    </BomItemObjectRef>
                </Child>
                <Child uuid="110f61a8e3de4b9dba03b62fd73145e8" name="IGX_PM_Rule_Evaluate_CUSTOMER_ID_ACCT_MAP" devEnvId="1181" owningMemberId="1020" group="false" parentUUID="a510fdd7c9204466b78012227df6c503" parentName="Process Model" appUUID="8476ce5ed817407090a0a85ef46fd004" aclInherited="true">
                    <BomItemObjectRef objectUUID="110f61a8e3de4b9dba03b62fd73145e8" objectType="processmodel">
                        <Dependency toObjectUUID="b288509c0fb94bc7808869770f569e2a" toContentType="analysis"/>
                    </BomItemObjectRef>
                </Child>
            </Child>
        </Child>
    </Child>
    <Acl/>
</ns2:BomItemExport>
