<?xml version="1.0" encoding="UTF-8" standalone="yes"?>
<ns2:DataViewDef xmlns="com/infogix/component/datastore/export/fdt" xmlns:ns2="com.infogix.component.datastore.export.fdt" name="96dcef0fea2641c28ade2ad7adbebeea" displayName="IGX_DV_DS_DQ_ROLLUP_SCORE" primaryDataStoreName="4f2be746abf741159fe03e317877ac3f" storageType="REGULAR_PERFORMANCE" deleteAllDataBeforeLoad="false" allowAccessOnQueryFilterFallthrough="false" cacheQueryResults="true" definitionVersion="2">
    <DataStoreRef name="4f2be746abf741159fe03e317877ac3f" displayName="IGX_DS_DQ_ROLLUP_SCORE" owningMemberId="1020"/>
    <Dimension name="dimension_8c82958cb16045e19890e347604f96c3" displayName="IGX_DV_DS_DQ_ROLLUP_SCORE" primaryDataStoreName="4f2be746abf741159fe03e317877ac3f">
        <Field xmlns:xsi="http://www.w3.org/2001/XMLSchema-instance" xsi:type="SimpleDataStoreFieldRefDef" dataType="DATETIME" maxLength="65000" semanticType="" encrypt="false" secure="false" hideWhenSecure="false" maskPatternType="SHOW_NONE" dataStoreFieldName="RUN_TIMESTAMP" dataStoreName="4f2be746abf741159fe03e317877ac3f" name="RUN_TIMESTAMP" displayName="Execution TImestamp"/>
        <Field xmlns:xsi="http://www.w3.org/2001/XMLSchema-instance" xsi:type="SimpleDataStoreFieldRefDef" dataType="STRING" maxLength="65000" semanticType="" encrypt="false" secure="false" hideWhenSecure="false" maskPatternType="SHOW_NONE" dataStoreFieldName="ASSET_TYPE_NAME" dataStoreName="4f2be746abf741159fe03e317877ac3f" name="ASSET_TYPE_NAME" displayName="Asset Type"/>
        <Field xmlns:xsi="http://www.w3.org/2001/XMLSchema-instance" xsi:type="SimpleDataStoreFieldRefDef" dataType="STRING" maxLength="65000" semanticType="" encrypt="false" secure="false" hideWhenSecure="false" maskPatternType="SHOW_NONE" dataStoreFieldName="ASSET_TYPE_UID" dataStoreName="4f2be746abf741159fe03e317877ac3f" name="ASSET_TYPE_UID"/>
        <Field xmlns:xsi="http://www.w3.org/2001/XMLSchema-instance" xsi:type="SimpleDataStoreFieldRefDef" dataType="STRING" maxLength="65000" semanticType="" encrypt="false" secure="false" hideWhenSecure="false" maskPatternType="SHOW_NONE" dataStoreFieldName="ASSET_NAME" dataStoreName="4f2be746abf741159fe03e317877ac3f" name="ASSET_NAME" displayName="Asset Name"/>
        <Field xmlns:xsi="http://www.w3.org/2001/XMLSchema-instance" xsi:type="SimpleDataStoreFieldRefDef" dataType="STRING" maxLength="65000" semanticType="" encrypt="false" secure="false" hideWhenSecure="false" maskPatternType="SHOW_NONE" dataStoreFieldName="ASSET_UID" dataStoreName="4f2be746abf741159fe03e317877ac3f" name="ASSET_UID"/>
        <Field xmlns:xsi="http://www.w3.org/2001/XMLSchema-instance" xsi:type="SimpleDataStoreFieldRefDef" dataType="INTEGER" maxLength="65000" precision="19" semanticType="" encrypt="false" secure="false" hideWhenSecure="false" maskPatternType="SHOW_NONE" dataStoreFieldName="LEVEL" dataStoreName="4f2be746abf741159fe03e317877ac3f" name="LEVEL" displayName="Level"/>
        <Field xmlns:xsi="http://www.w3.org/2001/XMLSchema-instance" xsi:type="SimpleDataStoreFieldRefDef" dataType="DECIMAL" maxLength="65000" roundingType="" semanticType="" encrypt="false" secure="false" hideWhenSecure="false" maskPatternType="SHOW_NONE" dataStoreFieldName="WEIGHTAGE" dataStoreName="4f2be746abf741159fe03e317877ac3f" name="WEIGHTAGE" displayName="Weightage"/>
        <Field xmlns:xsi="http://www.w3.org/2001/XMLSchema-instance" xsi:type="SimpleDataStoreFieldRefDef" dataType="INTEGER" maxLength="65000" precision="19" semanticType="" encrypt="false" secure="false" hideWhenSecure="false" maskPatternType="SHOW_NONE" dataStoreFieldName="ROW_COUNT" dataStoreName="4f2be746abf741159fe03e317877ac3f" name="ROW_COUNT" displayName="Total Records"/>
        <Field xmlns:xsi="http://www.w3.org/2001/XMLSchema-instance" xsi:type="SimpleDataStoreFieldRefDef" dataType="INTEGER" maxLength="65000" precision="19" semanticType="" encrypt="false" secure="false" hideWhenSecure="false" maskPatternType="SHOW_NONE" dataStoreFieldName="PASS_COUNT" dataStoreName="4f2be746abf741159fe03e317877ac3f" name="PASS_COUNT" displayName="Pass Records"/>
        <Field xmlns:xsi="http://www.w3.org/2001/XMLSchema-instance" xsi:type="SimpleDataStoreFieldRefDef" dataType="INTEGER" maxLength="65000" precision="19" semanticType="" encrypt="false" secure="false" hideWhenSecure="false" maskPatternType="SHOW_NONE" dataStoreFieldName="FAIL_COUNT" dataStoreName="4f2be746abf741159fe03e317877ac3f" name="FAIL_COUNT" displayName="Fail Records"/>
        <Field xmlns:xsi="http://www.w3.org/2001/XMLSchema-instance" xsi:type="SimpleDataStoreFieldRefDef" dataType="INTEGER" maxLength="65000" precision="19" semanticType="" encrypt="false" secure="false" hideWhenSecure="false" maskPatternType="SHOW_NONE" dataStoreFieldName="SKIP_COUNT" dataStoreName="4f2be746abf741159fe03e317877ac3f" name="SKIP_COUNT" displayName="Skip Records"/>
        <Field xmlns:xsi="http://www.w3.org/2001/XMLSchema-instance" xsi:type="SimpleDataStoreFieldRefDef" dataType="INTEGER" maxLength="65000" precision="19" semanticType="" encrypt="false" secure="false" hideWhenSecure="false" maskPatternType="SHOW_NONE" dataStoreFieldName="ERROR_COUNT" dataStoreName="4f2be746abf741159fe03e317877ac3f" name="ERROR_COUNT" displayName="Error Records"/>
        <Field xmlns:xsi="http://www.w3.org/2001/XMLSchema-instance" xsi:type="SimpleDataStoreFieldRefDef" dataType="DECIMAL" maxLength="65000" scale="2" roundingType="HALF_UP" semanticType="" encrypt="false" secure="false" hideWhenSecure="false" maskPatternType="SHOW_NONE" dataStoreFieldName="SCORE" dataStoreName="4f2be746abf741159fe03e317877ac3f" name="SCORE" displayName="Score"/>
        <Field xmlns:xsi="http://www.w3.org/2001/XMLSchema-instance" xsi:type="SimpleDataStoreFieldRefDef" dataType="STRING" maxLength="65000" semanticType="" encrypt="false" secure="false" hideWhenSecure="false" maskPatternType="SHOW_NONE" dataStoreFieldName="D3S_PROCESS_ID" dataStoreName="4f2be746abf741159fe03e317877ac3f" name="D3S_PROCESS_ID"/>
        <Field xmlns:xsi="http://www.w3.org/2001/XMLSchema-instance" xsi:type="SimpleDataStoreFieldRefDef" dataType="STRING" maxLength="65000" semanticType="" encrypt="false" secure="false" hideWhenSecure="false" maskPatternType="SHOW_NONE" dataStoreFieldName="D3S_WORK_ID" dataStoreName="4f2be746abf741159fe03e317877ac3f" name="D3S_WORK_ID"/>
        <Field xmlns:xsi="http://www.w3.org/2001/XMLSchema-instance" xsi:type="SimpleDataStoreFieldRefDef" dataType="STRING" maxLength="65000" semanticType="" encrypt="false" secure="false" hideWhenSecure="false" maskPatternType="SHOW_NONE" dataStoreFieldName="D3S_RECORD_ID" dataStoreName="4f2be746abf741159fe03e317877ac3f" name="D3S_RECORD_ID"/>
        <Field xmlns:xsi="http://www.w3.org/2001/XMLSchema-instance" xsi:type="SimpleDataStoreFieldRefDef" dataType="DATETIME" maxLength="65000" semanticType="" encrypt="false" secure="false" hideWhenSecure="false" maskPatternType="SHOW_NONE" dataStoreFieldName="D3S_SYSTEM_CREATED_TS" dataStoreName="4f2be746abf741159fe03e317877ac3f" name="D3S_SYSTEM_CREATED_TS"/>
        <Field xmlns:xsi="http://www.w3.org/2001/XMLSchema-instance" xsi:type="SimpleDataStoreFieldRefDef" dataType="BIGINT" maxLength="65000" semanticType="" encrypt="false" secure="false" hideWhenSecure="false" maskPatternType="SHOW_NONE" dataStoreFieldName="D3S_USER_DEFINED_1" dataStoreName="4f2be746abf741159fe03e317877ac3f" name="D3S_USER_DEFINED_1"/>
        <Field xmlns:xsi="http://www.w3.org/2001/XMLSchema-instance" xsi:type="SimpleDataStoreFieldRefDef" dataType="BIGINT" maxLength="65000" semanticType="" encrypt="false" secure="false" hideWhenSecure="false" maskPatternType="SHOW_NONE" dataStoreFieldName="D3S_USER_DEFINED_2" dataStoreName="4f2be746abf741159fe03e317877ac3f" name="D3S_USER_DEFINED_2"/>
        <Field xmlns:xsi="http://www.w3.org/2001/XMLSchema-instance" xsi:type="SimpleDataStoreFieldRefDef" dataType="DATE" maxLength="65000" semanticType="" encrypt="false" secure="false" hideWhenSecure="false" maskPatternType="SHOW_NONE" dataStoreFieldName="D3S_USER_DEFINED_3" dataStoreName="4f2be746abf741159fe03e317877ac3f" name="D3S_USER_DEFINED_3"/>
        <Field xmlns:xsi="http://www.w3.org/2001/XMLSchema-instance" xsi:type="SimpleDataStoreFieldRefDef" dataType="DATE" maxLength="65000" semanticType="" encrypt="false" secure="false" hideWhenSecure="false" maskPatternType="SHOW_NONE" dataStoreFieldName="D3S_USER_DEFINED_4" dataStoreName="4f2be746abf741159fe03e317877ac3f" name="D3S_USER_DEFINED_4"/>
        <Field xmlns:xsi="http://www.w3.org/2001/XMLSchema-instance" xsi:type="SimpleDataStoreFieldRefDef" dataType="DATETIME" maxLength="65000" semanticType="" encrypt="false" secure="false" hideWhenSecure="false" maskPatternType="SHOW_NONE" dataStoreFieldName="D3S_USER_DEFINED_5" dataStoreName="4f2be746abf741159fe03e317877ac3f" name="D3S_USER_DEFINED_5"/>
        <Field xmlns:xsi="http://www.w3.org/2001/XMLSchema-instance" xsi:type="SimpleDataStoreFieldRefDef" dataType="DATETIME" maxLength="65000" semanticType="" encrypt="false" secure="false" hideWhenSecure="false" maskPatternType="SHOW_NONE" dataStoreFieldName="D3S_USER_DEFINED_6" dataStoreName="4f2be746abf741159fe03e317877ac3f" name="D3S_USER_DEFINED_6"/>
        <Field xmlns:xsi="http://www.w3.org/2001/XMLSchema-instance" xsi:type="SimpleDataStoreFieldRefDef" dataType="STRING" maxLength="65000" semanticType="" encrypt="false" secure="false" hideWhenSecure="false" maskPatternType="SHOW_NONE" dataStoreFieldName="D3S_USER_DEFINED_7" dataStoreName="4f2be746abf741159fe03e317877ac3f" name="D3S_USER_DEFINED_7"/>
        <Field xmlns:xsi="http://www.w3.org/2001/XMLSchema-instance" xsi:type="SimpleDataStoreFieldRefDef" dataType="STRING" maxLength="65000" semanticType="" encrypt="false" secure="false" hideWhenSecure="false" maskPatternType="SHOW_NONE" dataStoreFieldName="D3S_USER_DEFINED_8" dataStoreName="4f2be746abf741159fe03e317877ac3f" name="D3S_USER_DEFINED_8"/>
        <Field xmlns:xsi="http://www.w3.org/2001/XMLSchema-instance" xsi:type="SimpleDataStoreFieldRefDef" dataType="STRING" maxLength="65000" semanticType="" encrypt="false" secure="false" hideWhenSecure="false" maskPatternType="SHOW_NONE" dataStoreFieldName="D3S_USER_DEFINED_9" dataStoreName="4f2be746abf741159fe03e317877ac3f" name="D3S_USER_DEFINED_9"/>
        <Field xmlns:xsi="http://www.w3.org/2001/XMLSchema-instance" xsi:type="SimpleDataStoreFieldRefDef" dataType="STRING" maxLength="65000" semanticType="" encrypt="false" secure="false" hideWhenSecure="false" maskPatternType="SHOW_NONE" dataStoreFieldName="D3S_USER_DEFINED_10" dataStoreName="4f2be746abf741159fe03e317877ac3f" name="D3S_USER_DEFINED_10"/>
        <Field xmlns:xsi="http://www.w3.org/2001/XMLSchema-instance" xsi:type="SimpleDataStoreFieldRefDef" dataType="STRING" maxLength="65000" semanticType="" encrypt="false" secure="false" hideWhenSecure="false" maskPatternType="SHOW_NONE" dataStoreFieldName="D3S_USER_DEFINED_11" dataStoreName="4f2be746abf741159fe03e317877ac3f" name="D3S_USER_DEFINED_11"/>
        <Field xmlns:xsi="http://www.w3.org/2001/XMLSchema-instance" xsi:type="SimpleDataStoreFieldRefDef" dataType="STRING" maxLength="65000" semanticType="" encrypt="false" secure="false" hideWhenSecure="false" maskPatternType="SHOW_NONE" dataStoreFieldName="D3S_USER_DEFINED_12" dataStoreName="4f2be746abf741159fe03e317877ac3f" name="D3S_USER_DEFINED_12"/>
        <Field xmlns:xsi="http://www.w3.org/2001/XMLSchema-instance" xsi:type="ComputedFieldDef" dataType="STRING" maxLength="65000" semanticType="" encrypt="false" secure="false" hideWhenSecure="false" maskPatternType="SHOW_NONE" name="AssetGroup" displayName="Asset Group">
            <Expression xsi:type="FunctionExpressionClauseDef" function="IF">
                <Clause xsi:type="SimpleExpressionClauseDef" operator="EQUAL">
                    <Clause xsi:type="FieldExpressionClauseDef">
                        <Field xsi:type="SimpleDataStoreFieldRefDef" dataType="STRING" maxLength="255" dataStoreFieldName="ASSET_CLASS" dataStoreName="4f2be746abf741159fe03e317877ac3f" name="field_f66fde503abc4b84ab30e3e397eb9b38" displayName="ASSET_CLASS"/>
                    </Clause>
                    <Clause xsi:type="ConstantExpressionClauseDef" numeric="false">
                        <ConstantValue>Rule</ConstantValue>
                    </Clause>
                </Clause>
                <Clause xsi:type="ConstantExpressionClauseDef" numeric="false">
                    <ConstantValue>Rule</ConstantValue>
                </Clause>
                <Clause xsi:type="FieldExpressionClauseDef">
                    <Field xsi:type="SimpleDataStoreFieldRefDef" dataType="STRING" maxLength="255" dataStoreFieldName="ASSET_TYPE_NAME" dataStoreName="4f2be746abf741159fe03e317877ac3f" name="field_859c28098ebf461389b9bfaf9606dd4d" displayName="ASSET_TYPE_NAME"/>
                </Clause>
            </Expression>
            <uiExpressionClause>IF( {IGX_DS_DQ_ROLLUP_SCORE}.ASSET_CLASS ='Rule','Rule', {IGX_DS_DQ_ROLLUP_SCORE}.ASSET_TYPE_NAME )</uiExpressionClause>
        </Field>
    </Dimension>
    <Retention period="1" periodUnit="MONTH" periodPrecision="MONTH"/>
</ns2:DataViewDef>
