<?xml version="1.0" encoding="UTF-8" standalone="yes"?>
<ns2:DataViewDef xmlns="com/infogix/component/datastore/export/fdt" xmlns:ns2="com.infogix.component.datastore.export.fdt" name="d7c68159790c4dd2a36ab90cbf06ff7e" displayName="IGX_DV_LATEST_DS_DQ_DETAIL_SCORE" primaryDataStoreName="db3f623da59c4939b446df81d4ee8fc0" storageType="REGULAR_PERFORMANCE" deleteAllDataBeforeLoad="true" allowAccessOnQueryFilterFallthrough="false" definitionVersion="2">
    <DataStoreRef name="db3f623da59c4939b446df81d4ee8fc0" displayName="IGX_DS_LATEST_DS_DQ_DETAIL_SCORE" owningMemberId="1020"/>
    <Dimension name="dimension_44a4935585d5441aac75a7b228b3f005" displayName="IGX_DV_LATEST_DS_DQ_DETAIL_SCORE" primaryDataStoreName="db3f623da59c4939b446df81d4ee8fc0">
        <Field xmlns:xsi="http://www.w3.org/2001/XMLSchema-instance" xsi:type="SimpleDataStoreFieldRefDef" dataType="DATETIME" maxLength="65000" semanticType="" encrypt="false" secure="false" hideWhenSecure="false" dataStoreFieldName="RUN_TIMESTAMP" dataStoreName="db3f623da59c4939b446df81d4ee8fc0" name="RUN_TIMESTAMP" displayName="Execution Timestamp"/>
        <Field xmlns:xsi="http://www.w3.org/2001/XMLSchema-instance" xsi:type="SimpleDataStoreFieldRefDef" dataType="STRING" maxLength="65000" semanticType="" encrypt="false" secure="false" hideWhenSecure="false" maskPatternType="SHOW_NONE" dataStoreFieldName="RR_RECORD_ID" dataStoreName="db3f623da59c4939b446df81d4ee8fc0" name="RR_RECORD_ID"/>
        <Field xmlns:xsi="http://www.w3.org/2001/XMLSchema-instance" xsi:type="SimpleDataStoreFieldRefDef" dataType="STRING" maxLength="65000" semanticType="" encrypt="false" secure="false" hideWhenSecure="false" dataStoreFieldName="DATA_ENTITY_NAME" dataStoreName="db3f623da59c4939b446df81d4ee8fc0" name="DATA_ENTITY_NAME" displayName="Entity Name"/>
        <Field xmlns:xsi="http://www.w3.org/2001/XMLSchema-instance" xsi:type="SimpleDataStoreFieldRefDef" dataType="STRING" maxLength="65000" semanticType="" encrypt="false" secure="false" hideWhenSecure="false" maskPatternType="SHOW_NONE" dataStoreFieldName="DATA_ENTITY_UID" dataStoreName="db3f623da59c4939b446df81d4ee8fc0" name="DATA_ENTITY_UID"/>
        <Field xmlns:xsi="http://www.w3.org/2001/XMLSchema-instance" xsi:type="SimpleDataStoreFieldRefDef" dataType="STRING" maxLength="65000" semanticType="" encrypt="false" secure="false" hideWhenSecure="false" dataStoreFieldName="DATA_ELEMENT_NAME" dataStoreName="db3f623da59c4939b446df81d4ee8fc0" name="DATA_ELEMENT_NAME" displayName="Element Name"/>
        <Field xmlns:xsi="http://www.w3.org/2001/XMLSchema-instance" xsi:type="SimpleDataStoreFieldRefDef" dataType="STRING" maxLength="65000" semanticType="" encrypt="false" secure="false" hideWhenSecure="false" maskPatternType="SHOW_NONE" dataStoreFieldName="DATA_ELEMENT_UID" dataStoreName="db3f623da59c4939b446df81d4ee8fc0" name="DATA_ELEMENT_UID"/>
        <Field xmlns:xsi="http://www.w3.org/2001/XMLSchema-instance" xsi:type="SimpleDataStoreFieldRefDef" dataType="STRING" maxLength="65000" semanticType="" encrypt="false" secure="false" hideWhenSecure="false" dataStoreFieldName="RULE_NAME" dataStoreName="db3f623da59c4939b446df81d4ee8fc0" name="RULE_NAME" displayName="Rule Name"/>
        <Field xmlns:xsi="http://www.w3.org/2001/XMLSchema-instance" xsi:type="SimpleDataStoreFieldRefDef" dataType="STRING" maxLength="65000" semanticType="" encrypt="false" secure="false" hideWhenSecure="false" maskPatternType="SHOW_NONE" dataStoreFieldName="RULE_UID" dataStoreName="db3f623da59c4939b446df81d4ee8fc0" name="RULE_UID"/>
        <Field xmlns:xsi="http://www.w3.org/2001/XMLSchema-instance" xsi:type="SimpleDataStoreFieldRefDef" dataType="INTEGER" maxLength="65000" precision="19" semanticType="" encrypt="false" secure="false" hideWhenSecure="false" dataStoreFieldName="ROW_COUNT" dataStoreName="db3f623da59c4939b446df81d4ee8fc0" name="ROW_COUNT" displayName="Total Records"/>
        <Field xmlns:xsi="http://www.w3.org/2001/XMLSchema-instance" xsi:type="SimpleDataStoreFieldRefDef" dataType="INTEGER" maxLength="65000" precision="19" semanticType="" encrypt="false" secure="false" hideWhenSecure="false" dataStoreFieldName="PASS_COUNT" dataStoreName="db3f623da59c4939b446df81d4ee8fc0" name="PASS_COUNT" displayName="Pass Records"/>
        <Field xmlns:xsi="http://www.w3.org/2001/XMLSchema-instance" xsi:type="SimpleDataStoreFieldRefDef" dataType="INTEGER" maxLength="65000" precision="19" semanticType="" encrypt="false" secure="false" hideWhenSecure="false" dataStoreFieldName="FAIL_COUNT" dataStoreName="db3f623da59c4939b446df81d4ee8fc0" name="FAIL_COUNT" displayName="Fail Records"/>
        <Field xmlns:xsi="http://www.w3.org/2001/XMLSchema-instance" xsi:type="SimpleDataStoreFieldRefDef" dataType="INTEGER" maxLength="65000" precision="19" semanticType="" encrypt="false" secure="false" hideWhenSecure="false" dataStoreFieldName="SKIP_COUNT" dataStoreName="db3f623da59c4939b446df81d4ee8fc0" name="SKIP_COUNT" displayName="Skip Records"/>
        <Field xmlns:xsi="http://www.w3.org/2001/XMLSchema-instance" xsi:type="SimpleDataStoreFieldRefDef" dataType="INTEGER" maxLength="65000" precision="19" semanticType="" encrypt="false" secure="false" hideWhenSecure="false" dataStoreFieldName="ERROR_COUNT" dataStoreName="db3f623da59c4939b446df81d4ee8fc0" name="ERROR_COUNT" displayName="Error Records"/>
        <Field xmlns:xsi="http://www.w3.org/2001/XMLSchema-instance" xsi:type="SimpleDataStoreFieldRefDef" dataType="FLOAT" maxLength="65000" semanticType="" encrypt="false" secure="false" hideWhenSecure="false" dataStoreFieldName="SCORE" dataStoreName="db3f623da59c4939b446df81d4ee8fc0" name="SCORE" displayName="Score"/>
        <Field xmlns:xsi="http://www.w3.org/2001/XMLSchema-instance" xsi:type="SimpleDataStoreFieldRefDef" dataType="STRING" maxLength="65000" semanticType="" encrypt="false" secure="false" hideWhenSecure="false" maskPatternType="SHOW_NONE" dataStoreFieldName="D3S_PROCESS_ID" dataStoreName="db3f623da59c4939b446df81d4ee8fc0" name="D3S_PROCESS_ID"/>
        <Field xmlns:xsi="http://www.w3.org/2001/XMLSchema-instance" xsi:type="SimpleDataStoreFieldRefDef" dataType="STRING" maxLength="65000" semanticType="" encrypt="false" secure="false" hideWhenSecure="false" maskPatternType="SHOW_NONE" dataStoreFieldName="D3S_WORK_ID" dataStoreName="db3f623da59c4939b446df81d4ee8fc0" name="D3S_WORK_ID"/>
        <Field xmlns:xsi="http://www.w3.org/2001/XMLSchema-instance" xsi:type="SimpleDataStoreFieldRefDef" dataType="STRING" maxLength="65000" semanticType="" encrypt="false" secure="false" hideWhenSecure="false" maskPatternType="SHOW_NONE" dataStoreFieldName="D3S_RECORD_ID" dataStoreName="db3f623da59c4939b446df81d4ee8fc0" name="D3S_RECORD_ID"/>
        <Field xmlns:xsi="http://www.w3.org/2001/XMLSchema-instance" xsi:type="SimpleDataStoreFieldRefDef" dataType="DATETIME" maxLength="65000" semanticType="" encrypt="false" secure="false" hideWhenSecure="false" maskPatternType="SHOW_NONE" dataStoreFieldName="D3S_SYSTEM_CREATED_TS" dataStoreName="db3f623da59c4939b446df81d4ee8fc0" name="D3S_SYSTEM_CREATED_TS"/>
    </Dimension>
    <ViewDataLoad partitionPrimaryDataStore="db3f623da59c4939b446df81d4ee8fc0">
        <DataStoreLoadRange dataStore="db3f623da59c4939b446df81d4ee8fc0" rangeType="ALL"/>
    </ViewDataLoad>
</ns2:DataViewDef>
