<?xml version="1.0" encoding="UTF-8" standalone="yes"?>
<ns2:DataViewDef xmlns="com/infogix/component/datastore/export/fdt" xmlns:ns2="com.infogix.component.datastore.export.fdt" name="4b26a3e17fd54f548c28b25371c6f4ff" displayName="IGX_DV_LATEST_DS_DQ_RESULT" primaryDataStoreName="d9566487f28d4b90ac20edc66081e400" storageType="REGULAR_PERFORMANCE" deleteAllDataBeforeLoad="true" allowAccessOnQueryFilterFallthrough="false" cacheQueryResults="true" definitionVersion="2">
    <DataStoreRef name="d9566487f28d4b90ac20edc66081e400" displayName="IGX_DS_LATEST_DS_DQ_RESULTS" owningMemberId="1020"/>
    <Dimension name="dimension_7b242a051f594da48bf8e1299b56aa69" displayName="IGX_DV_LATEST_DS_DQ_RESULT" primaryDataStoreName="d9566487f28d4b90ac20edc66081e400">
        <Field xmlns:xsi="http://www.w3.org/2001/XMLSchema-instance" xsi:type="SimpleDataStoreFieldRefDef" dataType="STRING" maxLength="65000" semanticType="" encrypt="false" secure="false" hideWhenSecure="false" maskPatternType="SHOW_NONE" dataStoreFieldName="DATA_KEY" dataStoreName="d9566487f28d4b90ac20edc66081e400" name="DATA_KEY" displayName="Data Key"/>
        <Field xmlns:xsi="http://www.w3.org/2001/XMLSchema-instance" xsi:type="SimpleDataStoreFieldRefDef" dataType="DATETIME" maxLength="65000" semanticType="" encrypt="false" secure="false" hideWhenSecure="false" maskPatternType="SHOW_NONE" dataStoreFieldName="RUN_TIMESTAMP" dataStoreName="d9566487f28d4b90ac20edc66081e400" name="RUN_TIMESTAMP" displayName="Execution Timestamp"/>
        <Field xmlns:xsi="http://www.w3.org/2001/XMLSchema-instance" xsi:type="SimpleDataStoreFieldRefDef" dataType="STRING" maxLength="65000" semanticType="" encrypt="false" secure="false" hideWhenSecure="false" maskPatternType="SHOW_NONE" dataStoreFieldName="DATA_ENTITY_UID" dataStoreName="d9566487f28d4b90ac20edc66081e400" name="DATA_ENTITY_UID"/>
        <Field xmlns:xsi="http://www.w3.org/2001/XMLSchema-instance" xsi:type="SimpleDataStoreFieldRefDef" dataType="STRING" maxLength="65000" semanticType="" encrypt="false" secure="false" hideWhenSecure="false" maskPatternType="SHOW_NONE" dataStoreFieldName="DATA_ELEMENT_UID" dataStoreName="d9566487f28d4b90ac20edc66081e400" name="DATA_ELEMENT_UID"/>
        <Field xmlns:xsi="http://www.w3.org/2001/XMLSchema-instance" xsi:type="SimpleDataStoreFieldRefDef" dataType="STRING" maxLength="65000" semanticType="" encrypt="false" secure="false" hideWhenSecure="false" maskPatternType="SHOW_NONE" dataStoreFieldName="DATA_ELEMENT_GROUP" dataStoreName="d9566487f28d4b90ac20edc66081e400" name="DATA_ELEMENT_GROUP" displayName="Element Group"/>
        <Field xmlns:xsi="http://www.w3.org/2001/XMLSchema-instance" xsi:type="SimpleDataStoreFieldRefDef" dataType="STRING" maxLength="65000" semanticType="" encrypt="false" secure="false" hideWhenSecure="false" maskPatternType="SHOW_NONE" dataStoreFieldName="DATA_ELEMENT_GROUP_RULE_TYPE" dataStoreName="d9566487f28d4b90ac20edc66081e400" name="DATA_ELEMENT_GROUP_RULE_TYPE"/>
        <Field xmlns:xsi="http://www.w3.org/2001/XMLSchema-instance" xsi:type="SimpleDataStoreFieldRefDef" dataType="STRING" maxLength="65000" semanticType="" encrypt="false" secure="false" hideWhenSecure="false" maskPatternType="SHOW_NONE" dataStoreFieldName="RULE_UID" dataStoreName="d9566487f28d4b90ac20edc66081e400" name="RULE_UID"/>
        <Field xmlns:xsi="http://www.w3.org/2001/XMLSchema-instance" xsi:type="SimpleDataStoreFieldRefDef" dataType="STRING" maxLength="65000" semanticType="" encrypt="false" secure="false" hideWhenSecure="false" maskPatternType="SHOW_NONE" dataStoreFieldName="DIMENSION" dataStoreName="d9566487f28d4b90ac20edc66081e400" name="DIMENSION" displayName="Dimension"/>
        <Field xmlns:xsi="http://www.w3.org/2001/XMLSchema-instance" xsi:type="SimpleDataStoreFieldRefDef" dataType="STRING" maxLength="65000" semanticType="" encrypt="false" secure="false" hideWhenSecure="false" maskPatternType="SHOW_NONE" dataStoreFieldName="RULE_RESULT" dataStoreName="d9566487f28d4b90ac20edc66081e400" name="RULE_RESULT" displayName="Result"/>
        <Field xmlns:xsi="http://www.w3.org/2001/XMLSchema-instance" xsi:type="SimpleDataStoreFieldRefDef" dataType="STRING" maxLength="65000" semanticType="" encrypt="false" secure="false" hideWhenSecure="false" maskPatternType="SHOW_NONE" dataStoreFieldName="RULE_RESULT_TRANSFORMED" dataStoreName="d9566487f28d4b90ac20edc66081e400" name="RULE_RESULT_TRANSFORMED" displayName="Rule Result (Transformed)"/>
        <Field xmlns:xsi="http://www.w3.org/2001/XMLSchema-instance" xsi:type="SimpleDataStoreFieldRefDef" dataType="STRING" maxLength="65000" semanticType="" encrypt="false" secure="false" hideWhenSecure="false" maskPatternType="SHOW_NONE" dataStoreFieldName="FAIL_DESCRIPTION" dataStoreName="d9566487f28d4b90ac20edc66081e400" name="FAIL_DESCRIPTION" displayName="Fail Description"/>
        <Field xmlns:xsi="http://www.w3.org/2001/XMLSchema-instance" xsi:type="SimpleDataStoreFieldRefDef" dataType="STRING" maxLength="65000" semanticType="" encrypt="false" secure="false" hideWhenSecure="false" maskPatternType="SHOW_NONE" dataStoreFieldName="DATA_BATCH_IDENTIFIER" dataStoreName="d9566487f28d4b90ac20edc66081e400" name="DATA_BATCH_IDENTIFIER" displayName="Batch Id"/>
        <Field xmlns:xsi="http://www.w3.org/2001/XMLSchema-instance" xsi:type="SimpleDataStoreFieldRefDef" dataType="DATETIME" maxLength="65000" semanticType="" encrypt="false" secure="false" hideWhenSecure="false" maskPatternType="SHOW_NONE" dataStoreFieldName="IGX_SYSTEM_CREATED_TS" dataStoreName="d9566487f28d4b90ac20edc66081e400" name="IGX_SYSTEM_CREATED_TS"/>
        <Field xmlns:xsi="http://www.w3.org/2001/XMLSchema-instance" xsi:type="SimpleDataStoreFieldRefDef" dataType="BIGINT" maxLength="65000" semanticType="" encrypt="false" secure="false" hideWhenSecure="false" maskPatternType="SHOW_NONE" dataStoreFieldName="IGX_SYSTEM_RECORD_VERSION" dataStoreName="d9566487f28d4b90ac20edc66081e400" name="IGX_SYSTEM_RECORD_VERSION"/>
        <Field xmlns:xsi="http://www.w3.org/2001/XMLSchema-instance" xsi:type="SimpleDataStoreFieldRefDef" dataType="STRING" maxLength="65000" semanticType="" encrypt="false" secure="false" hideWhenSecure="false" maskPatternType="SHOW_NONE" dataStoreFieldName="IGX_PROCESS_ID" dataStoreName="d9566487f28d4b90ac20edc66081e400" name="IGX_PROCESS_ID"/>
        <Field xmlns:xsi="http://www.w3.org/2001/XMLSchema-instance" xsi:type="SimpleDataStoreFieldRefDef" dataType="STRING" maxLength="65000" semanticType="" encrypt="false" secure="false" hideWhenSecure="false" maskPatternType="SHOW_NONE" dataStoreFieldName="IGX_WORK_ID" dataStoreName="d9566487f28d4b90ac20edc66081e400" name="IGX_WORK_ID"/>
        <Field xmlns:xsi="http://www.w3.org/2001/XMLSchema-instance" xsi:type="SimpleDataStoreFieldRefDef" dataType="STRING" maxLength="65000" semanticType="" encrypt="false" secure="false" hideWhenSecure="false" maskPatternType="SHOW_NONE" dataStoreFieldName="PRECONDITION_RESULT" dataStoreName="d9566487f28d4b90ac20edc66081e400" name="PRECONDITION_RESULT"/>
        <Field xmlns:xsi="http://www.w3.org/2001/XMLSchema-instance" xsi:type="DrillFieldDef" name="drillField_39280ee7de8f4d379926b34cd00e8a64" displayName="Hieraarchy">
            <NestedField xsi:type="SimpleDataStoreFieldRefDef" dataType="STRING" maxLength="65000" semanticType="" encrypt="false" secure="false" hideWhenSecure="false" maskPatternType="SHOW_NONE" dataStoreFieldName="DATA_ENTITY_NAME" dataStoreName="d9566487f28d4b90ac20edc66081e400" name="DATA_ENTITY_NAME" displayName="Entity Name"/>
            <NestedField xsi:type="SimpleDataStoreFieldRefDef" dataType="STRING" maxLength="65000" semanticType="" encrypt="false" secure="false" hideWhenSecure="false" maskPatternType="SHOW_NONE" dataStoreFieldName="DATA_ELEMENT_NAME" dataStoreName="d9566487f28d4b90ac20edc66081e400" name="DATA_ELEMENT_NAME" displayName="Element Name"/>
            <NestedField xsi:type="SimpleDataStoreFieldRefDef" dataType="STRING" maxLength="65000" semanticType="" encrypt="false" secure="false" hideWhenSecure="false" maskPatternType="SHOW_NONE" dataStoreFieldName="RULE_NAME" dataStoreName="d9566487f28d4b90ac20edc66081e400" name="RULE_NAME" displayName="Rule Name"/>
        </Field>
        <Field xmlns:xsi="http://www.w3.org/2001/XMLSchema-instance" xsi:type="ComputedFieldDef" dataType="BIGINT" displayFormatPattern="" encrypt="false" secure="false" hideWhenSecure="false" maskPatternType="SHOW_NONE" name="Error_And_Fail_Record" displayName="Error &amp; Fail Records">
            <Expression xsi:type="FunctionExpressionClauseDef" function="IF">
                <Clause xsi:type="SimpleExpressionClauseDef" operator="OR">
                    <Clause xsi:type="SimpleExpressionClauseDef" operator="EQUAL">
                        <Clause xsi:type="FieldExpressionClauseDef">
                            <Field xsi:type="SimpleDataStoreFieldRefDef" dataType="STRING" maxLength="255" dataStoreFieldName="RULE_RESULT_TRANSFORMED" dataStoreName="d9566487f28d4b90ac20edc66081e400" name="field_d7c4710b4b004d568a1e39090d007a01" displayName="RULE_RESULT_TRANSFORMED"/>
                        </Clause>
                        <Clause xsi:type="ConstantExpressionClauseDef" numeric="false">
                            <ConstantValue>Fail</ConstantValue>
                        </Clause>
                    </Clause>
                    <Clause xsi:type="SimpleExpressionClauseDef" operator="EQUAL">
                        <Clause xsi:type="FieldExpressionClauseDef">
                            <Field xsi:type="SimpleDataStoreFieldRefDef" dataType="STRING" maxLength="255" dataStoreFieldName="RULE_RESULT_TRANSFORMED" dataStoreName="d9566487f28d4b90ac20edc66081e400" name="field_cfc6d8f564cb4041b4e3af83cf9098e7" displayName="RULE_RESULT_TRANSFORMED"/>
                        </Clause>
                        <Clause xsi:type="ConstantExpressionClauseDef" numeric="false">
                            <ConstantValue>Error</ConstantValue>
                        </Clause>
                    </Clause>
                </Clause>
                <Clause xsi:type="ConstantExpressionClauseDef" numeric="true">
                    <ConstantValue>1</ConstantValue>
                </Clause>
                <Clause xsi:type="ConstantExpressionClauseDef" numeric="true">
                    <ConstantValue>0</ConstantValue>
                </Clause>
            </Expression>
            <uiExpressionClause>IF( {IGX_DS_LATEST_DS_DQ_RESULTS}.RULE_RESULT_TRANSFORMED ='Fail'|| {IGX_DS_LATEST_DS_DQ_RESULTS}.RULE_RESULT_TRANSFORMED ='Error',1,0)</uiExpressionClause>
        </Field>
        <Field xmlns:xsi="http://www.w3.org/2001/XMLSchema-instance" xsi:type="ComputedFieldDef" dataType="STRING" maxLength="65000" semanticType="" encrypt="false" secure="false" hideWhenSecure="false" maskPatternType="SHOW_NONE" name="Error_And_Fail_Flag" displayName="Error &amp; Fail Flag">
            <Expression xsi:type="FunctionExpressionClauseDef" function="IF">
                <Clause xsi:type="SimpleExpressionClauseDef" operator="EQUAL">
                    <Clause xsi:type="FieldExpressionClauseDef">
                        <Field xsi:type="SimpleDataStoreFieldRefDef" dataType="STRING" maxLength="255" dataStoreFieldName="RULE_RESULT_TRANSFORMED" dataStoreName="d9566487f28d4b90ac20edc66081e400" name="field_6326a996c0c34db1a248b7f4fe0d3666" displayName="RULE_RESULT_TRANSFORMED"/>
                    </Clause>
                    <Clause xsi:type="ConstantExpressionClauseDef" numeric="false">
                        <ConstantValue>Fail</ConstantValue>
                    </Clause>
                </Clause>
                <Clause xsi:type="FieldExpressionClauseDef">
                    <Field xsi:type="SimpleDataStoreFieldRefDef" dataType="STRING" maxLength="255" dataStoreFieldName="RULE_RESULT_TRANSFORMED" dataStoreName="d9566487f28d4b90ac20edc66081e400" name="field_4fb660890ca54ca8a5b8ed772d51e045" displayName="RULE_RESULT_TRANSFORMED"/>
                </Clause>
                <Clause xsi:type="FunctionExpressionClauseDef" function="IF">
                    <Clause xsi:type="SimpleExpressionClauseDef" operator="EQUAL">
                        <Clause xsi:type="FieldExpressionClauseDef">
                            <Field xsi:type="SimpleDataStoreFieldRefDef" dataType="STRING" maxLength="255" dataStoreFieldName="RULE_RESULT_TRANSFORMED" dataStoreName="d9566487f28d4b90ac20edc66081e400" name="field_24f0a121a08d4497bab46b9030792ef5" displayName="RULE_RESULT_TRANSFORMED"/>
                        </Clause>
                        <Clause xsi:type="ConstantExpressionClauseDef" numeric="false">
                            <ConstantValue>Error</ConstantValue>
                        </Clause>
                    </Clause>
                    <Clause xsi:type="FieldExpressionClauseDef">
                        <Field xsi:type="SimpleDataStoreFieldRefDef" dataType="STRING" maxLength="255" dataStoreFieldName="RULE_RESULT_TRANSFORMED" dataStoreName="d9566487f28d4b90ac20edc66081e400" name="field_cd19c6e107af40e1aea64fc92824bfd1" displayName="RULE_RESULT_TRANSFORMED"/>
                    </Clause>
                    <Clause xsi:type="ConstantExpressionClauseDef" numeric="false">
                        <ConstantValue></ConstantValue>
                    </Clause>
                </Clause>
            </Expression>
            <uiExpressionClause>IF( {IGX_DS_LATEST_DS_DQ_RESULTS}.RULE_RESULT_TRANSFORMED ='Fail', {IGX_DS_LATEST_DS_DQ_RESULTS}.RULE_RESULT_TRANSFORMED ,IF( {IGX_DS_LATEST_DS_DQ_RESULTS}.RULE_RESULT_TRANSFORMED ='Error', {IGX_DS_LATEST_DS_DQ_RESULTS}.RULE_RESULT_TRANSFORMED,'' ))</uiExpressionClause>
        </Field>
    </Dimension>
    <ViewDataLoad partitionPrimaryDataStore="d9566487f28d4b90ac20edc66081e400">
        <DataStoreLoadRange dataStore="d9566487f28d4b90ac20edc66081e400" rangeType="ALL"/>
    </ViewDataLoad>
</ns2:DataViewDef>
