<?xml version="1.0" encoding="UTF-8" standalone="yes"?>
<ExecutionModel xmlns="com/infogix/component/executionengine/export/fdt" id="0c184112da5d42f6959d3df7649010d8_exec">
    <OptionsDef logLimit="100" cacheOperationOutput="true" cacheResourceIntensiveOperationOutput="false" countOperationOutput="true"/>
    <PipelineDef id="dataStore">
        <InputsDef>
            <InputDef id="dataStore.input">
                <DataStoreRef name="3430d4bc6c4248c687cea9a79e231e0f" owningMemberId="1020" dataLoadRange="ALL">
                    <SourceFilter/>
                </DataStoreRef>
            </InputDef>
        </InputsDef>
        <OperationsDef>
            <SelectDef from="dataStore.input" id="dataStore.select" countOutput="false">
                <SelectFields>
                    <FieldRef>DATA_KEY</FieldRef>
                    <FieldRef>RUN_TIMESTAMP</FieldRef>
                    <FieldRef>DATA_ENTITY_NAME</FieldRef>
                    <FieldRef>DATA_ENTITY_UID</FieldRef>
                    <FieldRef>DATA_ELEMENT_NAME</FieldRef>
                    <FieldRef>DATA_ELEMENT_UID</FieldRef>
                    <FieldRef>DATA_ELEMENT_GROUP</FieldRef>
                    <FieldRef>DATA_ELEMENT_GROUP_RULE_TYPE</FieldRef>
                    <FieldRef>RULE_NAME</FieldRef>
                    <FieldRef>RULE_UID</FieldRef>
                    <FieldRef>DIMENSION</FieldRef>
                    <FieldRef>RULE_RESULT</FieldRef>
                    <FieldRef>RULE_RESULT_TRANSFORMED</FieldRef>
                    <FieldRef>FAIL_DESCRIPTION</FieldRef>
                    <FieldRef>DATA_BATCH_IDENTIFIER</FieldRef>
                    <FieldRef>IGX_SYSTEM_CREATED_TS</FieldRef>
                    <FieldRef>IGX_SYSTEM_RECORD_VERSION</FieldRef>
                    <FieldRef>IGX_PROCESS_ID</FieldRef>
                    <FieldRef>IGX_WORK_ID</FieldRef>
                    <FieldRef>PRECONDITION_RESULT</FieldRef>
                    <FieldDataType>STRING</FieldDataType>
                    <FieldDataType>DATETIME</FieldDataType>
                    <FieldDataType>STRING</FieldDataType>
                    <FieldDataType>STRING</FieldDataType>
                    <FieldDataType>STRING</FieldDataType>
                    <FieldDataType>STRING</FieldDataType>
                    <FieldDataType>STRING</FieldDataType>
                    <FieldDataType>STRING</FieldDataType>
                    <FieldDataType>STRING</FieldDataType>
                    <FieldDataType>STRING</FieldDataType>
                    <FieldDataType>STRING</FieldDataType>
                    <FieldDataType>STRING</FieldDataType>
                    <FieldDataType>STRING</FieldDataType>
                    <FieldDataType>STRING</FieldDataType>
                    <FieldDataType>STRING</FieldDataType>
                    <FieldDataType>DATETIME</FieldDataType>
                    <FieldDataType>BIGINTEGER</FieldDataType>
                    <FieldDataType>STRING</FieldDataType>
                    <FieldDataType>STRING</FieldDataType>
                    <FieldDataType>STRING</FieldDataType>
                </SelectFields>
            </SelectDef>
        </OperationsDef>
        <OutputsDef>
            <OutputDef id="dataStore.output" from="dataStore.select" passthru="true" decryptSecuredValues="false"/>
        </OutputsDef>
    </PipelineDef>
    <PipelineDef id="groupBy">
        <InputsDef>
            <InputDef id="groupBy.input" fromOutputId="dataStore.output"/>
        </InputsDef>
        <OperationsDef>
            <GroupByDef from="groupBy.input" id="groupBy.groupBy" countOutput="true">
                <GroupByFields>
                    <FieldRef>DATA_ENTITY_NAME</FieldRef>
                    <FieldDataType>STRING</FieldDataType>
                    <EncryptField>false</EncryptField>
                </GroupByFields>
                <AggregateDef name="LATEST_RUN_TS">
                    <ExpressionDef lang="formula" expression="MAX( RUN_TIMESTAMP )"/>
                </AggregateDef>
            </GroupByDef>
        </OperationsDef>
        <OutputsDef>
            <OutputDef id="groupBy.output" from="groupBy.groupBy" passthru="true" decryptSecuredValues="false"/>
        </OutputsDef>
    </PipelineDef>
    <PipelineDef id="join">
        <InputsDef>
            <InputDef id="join.input.left" fromOutputId="dataStore.output"/>
            <InputDef id="join.input.right" fromOutputId="groupBy.output"/>
        </InputsDef>
        <OperationsDef>
            <SelectDef from="join.input.left" id="join.input.left.select" countOutput="true">
                <SelectFields>
                    <FieldRef>DATA_KEY</FieldRef>
                    <FieldRef>RUN_TIMESTAMP</FieldRef>
                    <FieldRef>DATA_ENTITY_NAME</FieldRef>
                    <FieldRef>DATA_ENTITY_UID</FieldRef>
                    <FieldRef>DATA_ELEMENT_NAME</FieldRef>
                    <FieldRef>DATA_ELEMENT_UID</FieldRef>
                    <FieldRef>DATA_ELEMENT_GROUP</FieldRef>
                    <FieldRef>DATA_ELEMENT_GROUP_RULE_TYPE</FieldRef>
                    <FieldRef>RULE_NAME</FieldRef>
                    <FieldRef>RULE_UID</FieldRef>
                    <FieldRef>DIMENSION</FieldRef>
                    <FieldRef>RULE_RESULT</FieldRef>
                    <FieldRef>RULE_RESULT_TRANSFORMED</FieldRef>
                    <FieldRef>FAIL_DESCRIPTION</FieldRef>
                    <FieldRef>DATA_BATCH_IDENTIFIER</FieldRef>
                    <FieldRef>IGX_SYSTEM_CREATED_TS</FieldRef>
                    <FieldRef>IGX_SYSTEM_RECORD_VERSION</FieldRef>
                    <FieldRef>IGX_PROCESS_ID</FieldRef>
                    <FieldRef>IGX_WORK_ID</FieldRef>
                    <FieldRef>PRECONDITION_RESULT</FieldRef>
                    <FieldDataType>STRING</FieldDataType>
                    <FieldDataType>DATETIME</FieldDataType>
                    <FieldDataType>STRING</FieldDataType>
                    <FieldDataType>STRING</FieldDataType>
                    <FieldDataType>STRING</FieldDataType>
                    <FieldDataType>STRING</FieldDataType>
                    <FieldDataType>STRING</FieldDataType>
                    <FieldDataType>STRING</FieldDataType>
                    <FieldDataType>STRING</FieldDataType>
                    <FieldDataType>STRING</FieldDataType>
                    <FieldDataType>STRING</FieldDataType>
                    <FieldDataType>STRING</FieldDataType>
                    <FieldDataType>STRING</FieldDataType>
                    <FieldDataType>STRING</FieldDataType>
                    <FieldDataType>STRING</FieldDataType>
                    <FieldDataType>DATETIME</FieldDataType>
                    <FieldDataType>BIGINTEGER</FieldDataType>
                    <FieldDataType>STRING</FieldDataType>
                    <FieldDataType>STRING</FieldDataType>
                    <FieldDataType>STRING</FieldDataType>
                    <EncryptField>false</EncryptField>
                    <EncryptField>false</EncryptField>
                    <EncryptField>false</EncryptField>
                    <EncryptField>false</EncryptField>
                    <EncryptField>false</EncryptField>
                    <EncryptField>false</EncryptField>
                    <EncryptField>false</EncryptField>
                    <EncryptField>false</EncryptField>
                    <EncryptField>false</EncryptField>
                    <EncryptField>false</EncryptField>
                    <EncryptField>false</EncryptField>
                    <EncryptField>false</EncryptField>
                    <EncryptField>false</EncryptField>
                    <EncryptField>false</EncryptField>
                    <EncryptField>false</EncryptField>
                    <EncryptField>false</EncryptField>
                    <EncryptField>false</EncryptField>
                    <EncryptField>false</EncryptField>
                    <EncryptField>false</EncryptField>
                    <EncryptField>false</EncryptField>
                </SelectFields>
            </SelectDef>
            <SelectDef from="join.input.right" id="join.input.right.select" countOutput="true">
                <SelectFields>
                    <FieldRef>DATA_ENTITY_NAME</FieldRef>
                    <FieldRef>LATEST_RUN_TS</FieldRef>
                    <FieldDataType>STRING</FieldDataType>
                    <FieldDataType>DATETIME</FieldDataType>
                    <EncryptField>false</EncryptField>
                    <EncryptField>false</EncryptField>
                </SelectFields>
            </SelectDef>
            <DataFrameJoinDef id="join.join" countOutput="true">
                <SourceDef from="join.input.left.select" joinType="Inner" fitsInMemory="false">
                    <JoinFields>
                        <FieldRef>DATA_ENTITY_NAME</FieldRef>
                        <FieldRef>RUN_TIMESTAMP</FieldRef>
                        <FieldDataType>STRING</FieldDataType>
                        <FieldDataType>DATETIME</FieldDataType>
                        <EncryptField>false</EncryptField>
                        <EncryptField>false</EncryptField>
                    </JoinFields>
                    <InputFields>
                        <FieldRef>DATA_KEY</FieldRef>
                        <FieldRef>RUN_TIMESTAMP</FieldRef>
                        <FieldRef>DATA_ENTITY_NAME</FieldRef>
                        <FieldRef>DATA_ENTITY_UID</FieldRef>
                        <FieldRef>DATA_ELEMENT_NAME</FieldRef>
                        <FieldRef>DATA_ELEMENT_UID</FieldRef>
                        <FieldRef>DATA_ELEMENT_GROUP</FieldRef>
                        <FieldRef>DATA_ELEMENT_GROUP_RULE_TYPE</FieldRef>
                        <FieldRef>RULE_NAME</FieldRef>
                        <FieldRef>RULE_UID</FieldRef>
                        <FieldRef>DIMENSION</FieldRef>
                        <FieldRef>RULE_RESULT</FieldRef>
                        <FieldRef>RULE_RESULT_TRANSFORMED</FieldRef>
                        <FieldRef>FAIL_DESCRIPTION</FieldRef>
                        <FieldRef>DATA_BATCH_IDENTIFIER</FieldRef>
                        <FieldRef>IGX_SYSTEM_CREATED_TS</FieldRef>
                        <FieldRef>IGX_SYSTEM_RECORD_VERSION</FieldRef>
                        <FieldRef>IGX_PROCESS_ID</FieldRef>
                        <FieldRef>IGX_WORK_ID</FieldRef>
                        <FieldRef>PRECONDITION_RESULT</FieldRef>
                        <FieldDataType>STRING</FieldDataType>
                        <FieldDataType>DATETIME</FieldDataType>
                        <FieldDataType>STRING</FieldDataType>
                        <FieldDataType>STRING</FieldDataType>
                        <FieldDataType>STRING</FieldDataType>
                        <FieldDataType>STRING</FieldDataType>
                        <FieldDataType>STRING</FieldDataType>
                        <FieldDataType>STRING</FieldDataType>
                        <FieldDataType>STRING</FieldDataType>
                        <FieldDataType>STRING</FieldDataType>
                        <FieldDataType>STRING</FieldDataType>
                        <FieldDataType>STRING</FieldDataType>
                        <FieldDataType>STRING</FieldDataType>
                        <FieldDataType>STRING</FieldDataType>
                        <FieldDataType>STRING</FieldDataType>
                        <FieldDataType>DATETIME</FieldDataType>
                        <FieldDataType>BIGINTEGER</FieldDataType>
                        <FieldDataType>STRING</FieldDataType>
                        <FieldDataType>STRING</FieldDataType>
                        <FieldDataType>STRING</FieldDataType>
                        <EncryptField>false</EncryptField>
                        <EncryptField>false</EncryptField>
                        <EncryptField>false</EncryptField>
                        <EncryptField>false</EncryptField>
                        <EncryptField>false</EncryptField>
                        <EncryptField>false</EncryptField>
                        <EncryptField>false</EncryptField>
                        <EncryptField>false</EncryptField>
                        <EncryptField>false</EncryptField>
                        <EncryptField>false</EncryptField>
                        <EncryptField>false</EncryptField>
                        <EncryptField>false</EncryptField>
                        <EncryptField>false</EncryptField>
                        <EncryptField>false</EncryptField>
                        <EncryptField>false</EncryptField>
                        <EncryptField>false</EncryptField>
                        <EncryptField>false</EncryptField>
                        <EncryptField>false</EncryptField>
                        <EncryptField>false</EncryptField>
                        <EncryptField>false</EncryptField>
                    </InputFields>
                    <OutputFields>
                        <FieldRef>DATA_KEY</FieldRef>
                        <FieldRef>RUN_TIMESTAMP</FieldRef>
                        <FieldRef>DATA_ENTITY_NAME</FieldRef>
                        <FieldRef>DATA_ENTITY_UID</FieldRef>
                        <FieldRef>DATA_ELEMENT_NAME</FieldRef>
                        <FieldRef>DATA_ELEMENT_UID</FieldRef>
                        <FieldRef>DATA_ELEMENT_GROUP</FieldRef>
                        <FieldRef>DATA_ELEMENT_GROUP_RULE_TYPE</FieldRef>
                        <FieldRef>RULE_NAME</FieldRef>
                        <FieldRef>RULE_UID</FieldRef>
                        <FieldRef>DIMENSION</FieldRef>
                        <FieldRef>RULE_RESULT</FieldRef>
                        <FieldRef>RULE_RESULT_TRANSFORMED</FieldRef>
                        <FieldRef>FAIL_DESCRIPTION</FieldRef>
                        <FieldRef>DATA_BATCH_IDENTIFIER</FieldRef>
                        <FieldRef>IGX_SYSTEM_CREATED_TS</FieldRef>
                        <FieldRef>IGX_SYSTEM_RECORD_VERSION</FieldRef>
                        <FieldRef>IGX_PROCESS_ID</FieldRef>
                        <FieldRef>IGX_WORK_ID</FieldRef>
                        <FieldRef>PRECONDITION_RESULT</FieldRef>
                        <FieldDataType>STRING</FieldDataType>
                        <FieldDataType>DATETIME</FieldDataType>
                        <FieldDataType>STRING</FieldDataType>
                        <FieldDataType>STRING</FieldDataType>
                        <FieldDataType>STRING</FieldDataType>
                        <FieldDataType>STRING</FieldDataType>
                        <FieldDataType>STRING</FieldDataType>
                        <FieldDataType>STRING</FieldDataType>
                        <FieldDataType>STRING</FieldDataType>
                        <FieldDataType>STRING</FieldDataType>
                        <FieldDataType>STRING</FieldDataType>
                        <FieldDataType>STRING</FieldDataType>
                        <FieldDataType>STRING</FieldDataType>
                        <FieldDataType>STRING</FieldDataType>
                        <FieldDataType>STRING</FieldDataType>
                        <FieldDataType>DATETIME</FieldDataType>
                        <FieldDataType>BIGINTEGER</FieldDataType>
                        <FieldDataType>STRING</FieldDataType>
                        <FieldDataType>STRING</FieldDataType>
                        <FieldDataType>STRING</FieldDataType>
                        <EncryptField>false</EncryptField>
                        <EncryptField>false</EncryptField>
                        <EncryptField>false</EncryptField>
                        <EncryptField>false</EncryptField>
                        <EncryptField>false</EncryptField>
                        <EncryptField>false</EncryptField>
                        <EncryptField>false</EncryptField>
                        <EncryptField>false</EncryptField>
                        <EncryptField>false</EncryptField>
                        <EncryptField>false</EncryptField>
                        <EncryptField>false</EncryptField>
                        <EncryptField>false</EncryptField>
                        <EncryptField>false</EncryptField>
                        <EncryptField>false</EncryptField>
                        <EncryptField>false</EncryptField>
                        <EncryptField>false</EncryptField>
                        <EncryptField>false</EncryptField>
                        <EncryptField>false</EncryptField>
                        <EncryptField>false</EncryptField>
                        <EncryptField>false</EncryptField>
                    </OutputFields>
                </SourceDef>
                <SourceDef from="join.input.right.select" joinType="Inner" fitsInMemory="false">
                    <JoinFields>
                        <FieldRef>DATA_ENTITY_NAME</FieldRef>
                        <FieldRef>LATEST_RUN_TS</FieldRef>
                        <FieldDataType>STRING</FieldDataType>
                        <FieldDataType>DATETIME</FieldDataType>
                        <EncryptField>false</EncryptField>
                        <EncryptField>false</EncryptField>
                    </JoinFields>
                    <InputFields>
                        <FieldRef>DATA_ENTITY_NAME</FieldRef>
                        <FieldRef>LATEST_RUN_TS</FieldRef>
                        <FieldDataType>STRING</FieldDataType>
                        <FieldDataType>DATETIME</FieldDataType>
                        <EncryptField>false</EncryptField>
                        <EncryptField>false</EncryptField>
                    </InputFields>
                    <OutputFields>
                        <FieldRef>fld_3145b4ee7e6b4076bf2cedf9bb72d0e8_join_R</FieldRef>
                        <FieldRef>fld_3cb1e6ba77374e01a9f7a9978176bdf6_join_R</FieldRef>
                        <FieldDataType>STRING</FieldDataType>
                        <FieldDataType>DATETIME</FieldDataType>
                        <EncryptField>false</EncryptField>
                        <EncryptField>false</EncryptField>
                    </OutputFields>
                </SourceDef>
            </DataFrameJoinDef>
            <SelectDef from="join.join" id="join.select" countOutput="false">
                <SelectFields>
                    <FieldRef>DATA_KEY</FieldRef>
                    <FieldRef>RUN_TIMESTAMP</FieldRef>
                    <FieldRef>DATA_ENTITY_NAME</FieldRef>
                    <FieldRef>DATA_ENTITY_UID</FieldRef>
                    <FieldRef>DATA_ELEMENT_NAME</FieldRef>
                    <FieldRef>DATA_ELEMENT_UID</FieldRef>
                    <FieldRef>DATA_ELEMENT_GROUP</FieldRef>
                    <FieldRef>DATA_ELEMENT_GROUP_RULE_TYPE</FieldRef>
                    <FieldRef>RULE_NAME</FieldRef>
                    <FieldRef>RULE_UID</FieldRef>
                    <FieldRef>DIMENSION</FieldRef>
                    <FieldRef>RULE_RESULT</FieldRef>
                    <FieldRef>RULE_RESULT_TRANSFORMED</FieldRef>
                    <FieldRef>FAIL_DESCRIPTION</FieldRef>
                    <FieldRef>DATA_BATCH_IDENTIFIER</FieldRef>
                    <FieldRef>IGX_SYSTEM_CREATED_TS</FieldRef>
                    <FieldRef>IGX_SYSTEM_RECORD_VERSION</FieldRef>
                    <FieldRef>IGX_PROCESS_ID</FieldRef>
                    <FieldRef>IGX_WORK_ID</FieldRef>
                    <FieldRef>PRECONDITION_RESULT</FieldRef>
                    <FieldDataType>STRING</FieldDataType>
                    <FieldDataType>DATETIME</FieldDataType>
                    <FieldDataType>STRING</FieldDataType>
                    <FieldDataType>STRING</FieldDataType>
                    <FieldDataType>STRING</FieldDataType>
                    <FieldDataType>STRING</FieldDataType>
                    <FieldDataType>STRING</FieldDataType>
                    <FieldDataType>STRING</FieldDataType>
                    <FieldDataType>STRING</FieldDataType>
                    <FieldDataType>STRING</FieldDataType>
                    <FieldDataType>STRING</FieldDataType>
                    <FieldDataType>STRING</FieldDataType>
                    <FieldDataType>STRING</FieldDataType>
                    <FieldDataType>STRING</FieldDataType>
                    <FieldDataType>STRING</FieldDataType>
                    <FieldDataType>DATETIME</FieldDataType>
                    <FieldDataType>BIGINTEGER</FieldDataType>
                    <FieldDataType>STRING</FieldDataType>
                    <FieldDataType>STRING</FieldDataType>
                    <FieldDataType>STRING</FieldDataType>
                    <EncryptField>false</EncryptField>
                    <EncryptField>false</EncryptField>
                    <EncryptField>false</EncryptField>
                    <EncryptField>false</EncryptField>
                    <EncryptField>false</EncryptField>
                    <EncryptField>false</EncryptField>
                    <EncryptField>false</EncryptField>
                    <EncryptField>false</EncryptField>
                    <EncryptField>false</EncryptField>
                    <EncryptField>false</EncryptField>
                    <EncryptField>false</EncryptField>
                    <EncryptField>false</EncryptField>
                    <EncryptField>false</EncryptField>
                    <EncryptField>false</EncryptField>
                    <EncryptField>false</EncryptField>
                    <EncryptField>false</EncryptField>
                    <EncryptField>false</EncryptField>
                    <EncryptField>false</EncryptField>
                    <EncryptField>false</EncryptField>
                    <EncryptField>false</EncryptField>
                </SelectFields>
            </SelectDef>
        </OperationsDef>
        <OutputsDef>
            <OutputDef id="join.output" from="join.select" passthru="true" decryptSecuredValues="false"/>
        </OutputsDef>
    </PipelineDef>
    <PipelineDef id="compute">
        <InputsDef>
            <InputDef id="compute.input" fromOutputId="join.output"/>
        </InputsDef>
        <OperationsDef>
            <ComputeDef from="compute.input" id="compute.compute0" countOutput="false">
                <ComputedField>DATA_ELEMENT_GROUP</ComputedField>
                <ComputedFieldDataType>STRING</ComputedFieldDataType>
                <ExpressionDef lang="formula" expression="COALESCE( DATA_ELEMENT_GROUP ,'null' )"/>
            </ComputeDef>
            <ComputeDef from="compute.compute0" id="compute.compute1" countOutput="false">
                <ComputedField>DATA_ELEMENT_GROUP_RULE_TYPE</ComputedField>
                <ComputedFieldDataType>STRING</ComputedFieldDataType>
                <ExpressionDef lang="formula" expression="COALESCE( DATA_ELEMENT_GROUP_RULE_TYPE ,'null' )"/>
            </ComputeDef>
            <ComputeDef from="compute.compute1" id="compute.compute2" countOutput="false">
                <ComputedField>FAIL_DESCRIPTION</ComputedField>
                <ComputedFieldDataType>STRING</ComputedFieldDataType>
                <ExpressionDef lang="formula" expression="COALESCE( FAIL_DESCRIPTION ,'null' )"/>
            </ComputeDef>
        </OperationsDef>
        <OutputsDef>
            <OutputDef id="compute.output" from="compute.compute2" passthru="true" decryptSecuredValues="false"/>
        </OutputsDef>
    </PipelineDef>
    <PipelineDef id="groupBy2">
        <InputsDef>
            <InputDef id="groupBy2.input" fromOutputId="compute.output"/>
        </InputsDef>
        <OperationsDef>
            <GroupByDef from="groupBy2.input" id="groupBy2.groupBy" countOutput="true">
                <GroupByFields>
                    <FieldRef>DATA_KEY</FieldRef>
                    <FieldRef>DATA_ENTITY_NAME</FieldRef>
                    <FieldRef>DATA_ELEMENT_NAME</FieldRef>
                    <FieldRef>DATA_ELEMENT_GROUP</FieldRef>
                    <FieldRef>DATA_ELEMENT_GROUP_RULE_TYPE</FieldRef>
                    <FieldRef>RULE_NAME</FieldRef>
                    <FieldRef>DIMENSION</FieldRef>
                    <FieldRef>RULE_RESULT</FieldRef>
                    <FieldRef>FAIL_DESCRIPTION</FieldRef>
                    <FieldRef>DATA_BATCH_IDENTIFIER</FieldRef>
                    <FieldRef>RUN_TIMESTAMP</FieldRef>
                    <FieldRef>DATA_ENTITY_UID</FieldRef>
                    <FieldRef>DATA_ELEMENT_UID</FieldRef>
                    <FieldRef>RULE_UID</FieldRef>
                    <FieldDataType>STRING</FieldDataType>
                    <FieldDataType>STRING</FieldDataType>
                    <FieldDataType>STRING</FieldDataType>
                    <FieldDataType>STRING</FieldDataType>
                    <FieldDataType>STRING</FieldDataType>
                    <FieldDataType>STRING</FieldDataType>
                    <FieldDataType>STRING</FieldDataType>
                    <FieldDataType>STRING</FieldDataType>
                    <FieldDataType>STRING</FieldDataType>
                    <FieldDataType>STRING</FieldDataType>
                    <FieldDataType>DATETIME</FieldDataType>
                    <FieldDataType>STRING</FieldDataType>
                    <FieldDataType>STRING</FieldDataType>
                    <FieldDataType>STRING</FieldDataType>
                    <EncryptField>false</EncryptField>
                    <EncryptField>false</EncryptField>
                    <EncryptField>false</EncryptField>
                    <EncryptField>false</EncryptField>
                    <EncryptField>false</EncryptField>
                    <EncryptField>false</EncryptField>
                    <EncryptField>false</EncryptField>
                    <EncryptField>false</EncryptField>
                    <EncryptField>false</EncryptField>
                    <EncryptField>false</EncryptField>
                    <EncryptField>false</EncryptField>
                    <EncryptField>false</EncryptField>
                    <EncryptField>false</EncryptField>
                    <EncryptField>false</EncryptField>
                </GroupByFields>
                <AggregateDef name="LATEST_RV">
                    <ExpressionDef lang="formula" expression="MAX( IGX_SYSTEM_RECORD_VERSION )"/>
                </AggregateDef>
            </GroupByDef>
        </OperationsDef>
        <OutputsDef>
            <OutputDef id="groupBy2.output" from="groupBy2.groupBy" passthru="true" decryptSecuredValues="false"/>
        </OutputsDef>
    </PipelineDef>
    <PipelineDef id="join2">
        <InputsDef>
            <InputDef id="join2.input.left" fromOutputId="compute.output"/>
            <InputDef id="join2.input.right" fromOutputId="groupBy2.output"/>
        </InputsDef>
        <OperationsDef>
            <SelectDef from="join2.input.left" id="join2.input.left.select" countOutput="true">
                <SelectFields>
                    <FieldRef>DATA_KEY</FieldRef>
                    <FieldRef>RUN_TIMESTAMP</FieldRef>
                    <FieldRef>DATA_ENTITY_NAME</FieldRef>
                    <FieldRef>DATA_ENTITY_UID</FieldRef>
                    <FieldRef>DATA_ELEMENT_NAME</FieldRef>
                    <FieldRef>DATA_ELEMENT_UID</FieldRef>
                    <FieldRef>RULE_NAME</FieldRef>
                    <FieldRef>RULE_UID</FieldRef>
                    <FieldRef>DIMENSION</FieldRef>
                    <FieldRef>RULE_RESULT</FieldRef>
                    <FieldRef>RULE_RESULT_TRANSFORMED</FieldRef>
                    <FieldRef>DATA_BATCH_IDENTIFIER</FieldRef>
                    <FieldRef>IGX_SYSTEM_CREATED_TS</FieldRef>
                    <FieldRef>IGX_SYSTEM_RECORD_VERSION</FieldRef>
                    <FieldRef>IGX_PROCESS_ID</FieldRef>
                    <FieldRef>IGX_WORK_ID</FieldRef>
                    <FieldRef>PRECONDITION_RESULT</FieldRef>
                    <FieldRef>DATA_ELEMENT_GROUP</FieldRef>
                    <FieldRef>DATA_ELEMENT_GROUP_RULE_TYPE</FieldRef>
                    <FieldRef>FAIL_DESCRIPTION</FieldRef>
                    <FieldDataType>STRING</FieldDataType>
                    <FieldDataType>DATETIME</FieldDataType>
                    <FieldDataType>STRING</FieldDataType>
                    <FieldDataType>STRING</FieldDataType>
                    <FieldDataType>STRING</FieldDataType>
                    <FieldDataType>STRING</FieldDataType>
                    <FieldDataType>STRING</FieldDataType>
                    <FieldDataType>STRING</FieldDataType>
                    <FieldDataType>STRING</FieldDataType>
                    <FieldDataType>STRING</FieldDataType>
                    <FieldDataType>STRING</FieldDataType>
                    <FieldDataType>STRING</FieldDataType>
                    <FieldDataType>DATETIME</FieldDataType>
                    <FieldDataType>BIGINTEGER</FieldDataType>
                    <FieldDataType>STRING</FieldDataType>
                    <FieldDataType>STRING</FieldDataType>
                    <FieldDataType>STRING</FieldDataType>
                    <FieldDataType>STRING</FieldDataType>
                    <FieldDataType>STRING</FieldDataType>
                    <FieldDataType>STRING</FieldDataType>
                    <EncryptField>false</EncryptField>
                    <EncryptField>false</EncryptField>
                    <EncryptField>false</EncryptField>
                    <EncryptField>false</EncryptField>
                    <EncryptField>false</EncryptField>
                    <EncryptField>false</EncryptField>
                    <EncryptField>false</EncryptField>
                    <EncryptField>false</EncryptField>
                    <EncryptField>false</EncryptField>
                    <EncryptField>false</EncryptField>
                    <EncryptField>false</EncryptField>
                    <EncryptField>false</EncryptField>
                    <EncryptField>false</EncryptField>
                    <EncryptField>false</EncryptField>
                    <EncryptField>false</EncryptField>
                    <EncryptField>false</EncryptField>
                    <EncryptField>false</EncryptField>
                    <EncryptField>false</EncryptField>
                    <EncryptField>false</EncryptField>
                    <EncryptField>false</EncryptField>
                </SelectFields>
            </SelectDef>
            <SelectDef from="join2.input.right" id="join2.input.right.select" countOutput="true">
                <SelectFields>
                    <FieldRef>DATA_KEY</FieldRef>
                    <FieldRef>DATA_ENTITY_NAME</FieldRef>
                    <FieldRef>DATA_ELEMENT_NAME</FieldRef>
                    <FieldRef>DATA_ELEMENT_GROUP</FieldRef>
                    <FieldRef>DATA_ELEMENT_GROUP_RULE_TYPE</FieldRef>
                    <FieldRef>RULE_NAME</FieldRef>
                    <FieldRef>DIMENSION</FieldRef>
                    <FieldRef>RULE_RESULT</FieldRef>
                    <FieldRef>FAIL_DESCRIPTION</FieldRef>
                    <FieldRef>DATA_BATCH_IDENTIFIER</FieldRef>
                    <FieldRef>RUN_TIMESTAMP</FieldRef>
                    <FieldRef>DATA_ENTITY_UID</FieldRef>
                    <FieldRef>DATA_ELEMENT_UID</FieldRef>
                    <FieldRef>RULE_UID</FieldRef>
                    <FieldRef>LATEST_RV</FieldRef>
                    <FieldDataType>STRING</FieldDataType>
                    <FieldDataType>STRING</FieldDataType>
                    <FieldDataType>STRING</FieldDataType>
                    <FieldDataType>STRING</FieldDataType>
                    <FieldDataType>STRING</FieldDataType>
                    <FieldDataType>STRING</FieldDataType>
                    <FieldDataType>STRING</FieldDataType>
                    <FieldDataType>STRING</FieldDataType>
                    <FieldDataType>STRING</FieldDataType>
                    <FieldDataType>STRING</FieldDataType>
                    <FieldDataType>DATETIME</FieldDataType>
                    <FieldDataType>STRING</FieldDataType>
                    <FieldDataType>STRING</FieldDataType>
                    <FieldDataType>STRING</FieldDataType>
                    <FieldDataType>BIGINTEGER</FieldDataType>
                    <EncryptField>false</EncryptField>
                    <EncryptField>false</EncryptField>
                    <EncryptField>false</EncryptField>
                    <EncryptField>false</EncryptField>
                    <EncryptField>false</EncryptField>
                    <EncryptField>false</EncryptField>
                    <EncryptField>false</EncryptField>
                    <EncryptField>false</EncryptField>
                    <EncryptField>false</EncryptField>
                    <EncryptField>false</EncryptField>
                    <EncryptField>false</EncryptField>
                    <EncryptField>false</EncryptField>
                    <EncryptField>false</EncryptField>
                    <EncryptField>false</EncryptField>
                    <EncryptField>false</EncryptField>
                </SelectFields>
            </SelectDef>
            <DataFrameJoinDef id="join2.join" countOutput="true">
                <SourceDef from="join2.input.left.select" joinType="Inner" fitsInMemory="false">
                    <JoinFields>
                        <FieldRef>DATA_KEY</FieldRef>
                        <FieldRef>DATA_ENTITY_NAME</FieldRef>
                        <FieldRef>IGX_SYSTEM_RECORD_VERSION</FieldRef>
                        <FieldRef>DATA_ELEMENT_NAME</FieldRef>
                        <FieldRef>DATA_ELEMENT_GROUP</FieldRef>
                        <FieldRef>DATA_ELEMENT_GROUP_RULE_TYPE</FieldRef>
                        <FieldRef>RULE_NAME</FieldRef>
                        <FieldRef>DIMENSION</FieldRef>
                        <FieldRef>RULE_RESULT</FieldRef>
                        <FieldRef>FAIL_DESCRIPTION</FieldRef>
                        <FieldRef>DATA_BATCH_IDENTIFIER</FieldRef>
                        <FieldRef>RUN_TIMESTAMP</FieldRef>
                        <FieldRef>DATA_ENTITY_UID</FieldRef>
                        <FieldRef>DATA_ELEMENT_UID</FieldRef>
                        <FieldRef>RULE_UID</FieldRef>
                        <FieldDataType>STRING</FieldDataType>
                        <FieldDataType>STRING</FieldDataType>
                        <FieldDataType>BIGINTEGER</FieldDataType>
                        <FieldDataType>STRING</FieldDataType>
                        <FieldDataType>STRING</FieldDataType>
                        <FieldDataType>STRING</FieldDataType>
                        <FieldDataType>STRING</FieldDataType>
                        <FieldDataType>STRING</FieldDataType>
                        <FieldDataType>STRING</FieldDataType>
                        <FieldDataType>STRING</FieldDataType>
                        <FieldDataType>STRING</FieldDataType>
                        <FieldDataType>DATETIME</FieldDataType>
                        <FieldDataType>STRING</FieldDataType>
                        <FieldDataType>STRING</FieldDataType>
                        <FieldDataType>STRING</FieldDataType>
                        <EncryptField>false</EncryptField>
                        <EncryptField>false</EncryptField>
                        <EncryptField>false</EncryptField>
                        <EncryptField>false</EncryptField>
                        <EncryptField>false</EncryptField>
                        <EncryptField>false</EncryptField>
                        <EncryptField>false</EncryptField>
                        <EncryptField>false</EncryptField>
                        <EncryptField>false</EncryptField>
                        <EncryptField>false</EncryptField>
                        <EncryptField>false</EncryptField>
                        <EncryptField>false</EncryptField>
                        <EncryptField>false</EncryptField>
                        <EncryptField>false</EncryptField>
                        <EncryptField>false</EncryptField>
                    </JoinFields>
                    <InputFields>
                        <FieldRef>DATA_KEY</FieldRef>
                        <FieldRef>RUN_TIMESTAMP</FieldRef>
                        <FieldRef>DATA_ENTITY_NAME</FieldRef>
                        <FieldRef>DATA_ENTITY_UID</FieldRef>
                        <FieldRef>DATA_ELEMENT_NAME</FieldRef>
                        <FieldRef>DATA_ELEMENT_UID</FieldRef>
                        <FieldRef>RULE_NAME</FieldRef>
                        <FieldRef>RULE_UID</FieldRef>
                        <FieldRef>DIMENSION</FieldRef>
                        <FieldRef>RULE_RESULT</FieldRef>
                        <FieldRef>RULE_RESULT_TRANSFORMED</FieldRef>
                        <FieldRef>DATA_BATCH_IDENTIFIER</FieldRef>
                        <FieldRef>IGX_SYSTEM_CREATED_TS</FieldRef>
                        <FieldRef>IGX_SYSTEM_RECORD_VERSION</FieldRef>
                        <FieldRef>IGX_PROCESS_ID</FieldRef>
                        <FieldRef>IGX_WORK_ID</FieldRef>
                        <FieldRef>PRECONDITION_RESULT</FieldRef>
                        <FieldRef>DATA_ELEMENT_GROUP</FieldRef>
                        <FieldRef>DATA_ELEMENT_GROUP_RULE_TYPE</FieldRef>
                        <FieldRef>FAIL_DESCRIPTION</FieldRef>
                        <FieldDataType>STRING</FieldDataType>
                        <FieldDataType>DATETIME</FieldDataType>
                        <FieldDataType>STRING</FieldDataType>
                        <FieldDataType>STRING</FieldDataType>
                        <FieldDataType>STRING</FieldDataType>
                        <FieldDataType>STRING</FieldDataType>
                        <FieldDataType>STRING</FieldDataType>
                        <FieldDataType>STRING</FieldDataType>
                        <FieldDataType>STRING</FieldDataType>
                        <FieldDataType>STRING</FieldDataType>
                        <FieldDataType>STRING</FieldDataType>
                        <FieldDataType>STRING</FieldDataType>
                        <FieldDataType>DATETIME</FieldDataType>
                        <FieldDataType>BIGINTEGER</FieldDataType>
                        <FieldDataType>STRING</FieldDataType>
                        <FieldDataType>STRING</FieldDataType>
                        <FieldDataType>STRING</FieldDataType>
                        <FieldDataType>STRING</FieldDataType>
                        <FieldDataType>STRING</FieldDataType>
                        <FieldDataType>STRING</FieldDataType>
                        <EncryptField>false</EncryptField>
                        <EncryptField>false</EncryptField>
                        <EncryptField>false</EncryptField>
                        <EncryptField>false</EncryptField>
                        <EncryptField>false</EncryptField>
                        <EncryptField>false</EncryptField>
                        <EncryptField>false</EncryptField>
                        <EncryptField>false</EncryptField>
                        <EncryptField>false</EncryptField>
                        <EncryptField>false</EncryptField>
                        <EncryptField>false</EncryptField>
                        <EncryptField>false</EncryptField>
                        <EncryptField>false</EncryptField>
                        <EncryptField>false</EncryptField>
                        <EncryptField>false</EncryptField>
                        <EncryptField>false</EncryptField>
                        <EncryptField>false</EncryptField>
                        <EncryptField>false</EncryptField>
                        <EncryptField>false</EncryptField>
                        <EncryptField>false</EncryptField>
                    </InputFields>
                    <OutputFields>
                        <FieldRef>fld_a8dfedc3693f4f918a6ba3e5218e585c_join2_L</FieldRef>
                        <FieldRef>fld_857fa5c344b14bb49be1057aa56e3eae_join2_L</FieldRef>
                        <FieldRef>fld_3145b4ee7e6b4076bf2cedf9bb72d0e8_join2_L</FieldRef>
                        <FieldRef>fld_3c4f01d5c7c9464ca3ee19cee4045e5c_join2_L</FieldRef>
                        <FieldRef>fld_96346986e4c249aca89f31e5cbaf7919_join2_L</FieldRef>
                        <FieldRef>fld_e6e59af6c9604cea9a960f4faf0ee678_join2_L</FieldRef>
                        <FieldRef>fld_9aa9099579844253b7870d76abed34d1_join2_L</FieldRef>
                        <FieldRef>fld_45a3937e7bc94f68831a9d103b794284_join2_L</FieldRef>
                        <FieldRef>fld_ce0da95244a24aa289130f4086a00fe0_join2_L</FieldRef>
                        <FieldRef>fld_1de4b3e8fbd745dca2baf73f1c0093d4_join2_L</FieldRef>
                        <FieldRef>RULE_RESULT_TRANSFORMED</FieldRef>
                        <FieldRef>fld_b83fa50d03a24ab093a37129d77dccfa_join2_L</FieldRef>
                        <FieldRef>IGX_SYSTEM_CREATED_TS</FieldRef>
                        <FieldRef>IGX_SYSTEM_RECORD_VERSION</FieldRef>
                        <FieldRef>IGX_PROCESS_ID</FieldRef>
                        <FieldRef>IGX_WORK_ID</FieldRef>
                        <FieldRef>fld_e99fef41d2af453a958cb97fb33f9745_join2_L</FieldRef>
                        <FieldRef>fld_20e62728f0724f7c91b5df69eed55fd0_join2_L</FieldRef>
                        <FieldRef>fld_dfa5823ab29d4ba4b6b2dd933553509f_join2_L</FieldRef>
                        <FieldRef>fld_758c059c99c94fa7bd8c1f6582de13bc_join2_L</FieldRef>
                        <FieldDataType>STRING</FieldDataType>
                        <FieldDataType>DATETIME</FieldDataType>
                        <FieldDataType>STRING</FieldDataType>
                        <FieldDataType>STRING</FieldDataType>
                        <FieldDataType>STRING</FieldDataType>
                        <FieldDataType>STRING</FieldDataType>
                        <FieldDataType>STRING</FieldDataType>
                        <FieldDataType>STRING</FieldDataType>
                        <FieldDataType>STRING</FieldDataType>
                        <FieldDataType>STRING</FieldDataType>
                        <FieldDataType>STRING</FieldDataType>
                        <FieldDataType>STRING</FieldDataType>
                        <FieldDataType>DATETIME</FieldDataType>
                        <FieldDataType>BIGINTEGER</FieldDataType>
                        <FieldDataType>STRING</FieldDataType>
                        <FieldDataType>STRING</FieldDataType>
                        <FieldDataType>STRING</FieldDataType>
                        <FieldDataType>STRING</FieldDataType>
                        <FieldDataType>STRING</FieldDataType>
                        <FieldDataType>STRING</FieldDataType>
                        <EncryptField>false</EncryptField>
                        <EncryptField>false</EncryptField>
                        <EncryptField>false</EncryptField>
                        <EncryptField>false</EncryptField>
                        <EncryptField>false</EncryptField>
                        <EncryptField>false</EncryptField>
                        <EncryptField>false</EncryptField>
                        <EncryptField>false</EncryptField>
                        <EncryptField>false</EncryptField>
                        <EncryptField>false</EncryptField>
                        <EncryptField>false</EncryptField>
                        <EncryptField>false</EncryptField>
                        <EncryptField>false</EncryptField>
                        <EncryptField>false</EncryptField>
                        <EncryptField>false</EncryptField>
                        <EncryptField>false</EncryptField>
                        <EncryptField>false</EncryptField>
                        <EncryptField>false</EncryptField>
                        <EncryptField>false</EncryptField>
                        <EncryptField>false</EncryptField>
                    </OutputFields>
                </SourceDef>
                <SourceDef from="join2.input.right.select" joinType="Inner" fitsInMemory="false">
                    <JoinFields>
                        <FieldRef>DATA_KEY</FieldRef>
                        <FieldRef>DATA_ENTITY_NAME</FieldRef>
                        <FieldRef>LATEST_RV</FieldRef>
                        <FieldRef>DATA_ELEMENT_NAME</FieldRef>
                        <FieldRef>DATA_ELEMENT_GROUP</FieldRef>
                        <FieldRef>DATA_ELEMENT_GROUP_RULE_TYPE</FieldRef>
                        <FieldRef>RULE_NAME</FieldRef>
                        <FieldRef>DIMENSION</FieldRef>
                        <FieldRef>RULE_RESULT</FieldRef>
                        <FieldRef>FAIL_DESCRIPTION</FieldRef>
                        <FieldRef>DATA_BATCH_IDENTIFIER</FieldRef>
                        <FieldRef>RUN_TIMESTAMP</FieldRef>
                        <FieldRef>DATA_ENTITY_UID</FieldRef>
                        <FieldRef>DATA_ELEMENT_UID</FieldRef>
                        <FieldRef>RULE_UID</FieldRef>
                        <FieldDataType>STRING</FieldDataType>
                        <FieldDataType>STRING</FieldDataType>
                        <FieldDataType>BIGINTEGER</FieldDataType>
                        <FieldDataType>STRING</FieldDataType>
                        <FieldDataType>STRING</FieldDataType>
                        <FieldDataType>STRING</FieldDataType>
                        <FieldDataType>STRING</FieldDataType>
                        <FieldDataType>STRING</FieldDataType>
                        <FieldDataType>STRING</FieldDataType>
                        <FieldDataType>STRING</FieldDataType>
                        <FieldDataType>STRING</FieldDataType>
                        <FieldDataType>DATETIME</FieldDataType>
                        <FieldDataType>STRING</FieldDataType>
                        <FieldDataType>STRING</FieldDataType>
                        <FieldDataType>STRING</FieldDataType>
                        <EncryptField>false</EncryptField>
                        <EncryptField>false</EncryptField>
                        <EncryptField>false</EncryptField>
                        <EncryptField>false</EncryptField>
                        <EncryptField>false</EncryptField>
                        <EncryptField>false</EncryptField>
                        <EncryptField>false</EncryptField>
                        <EncryptField>false</EncryptField>
                        <EncryptField>false</EncryptField>
                        <EncryptField>false</EncryptField>
                        <EncryptField>false</EncryptField>
                        <EncryptField>false</EncryptField>
                        <EncryptField>false</EncryptField>
                        <EncryptField>false</EncryptField>
                        <EncryptField>false</EncryptField>
                    </JoinFields>
                    <InputFields>
                        <FieldRef>DATA_KEY</FieldRef>
                        <FieldRef>DATA_ENTITY_NAME</FieldRef>
                        <FieldRef>DATA_ELEMENT_NAME</FieldRef>
                        <FieldRef>DATA_ELEMENT_GROUP</FieldRef>
                        <FieldRef>DATA_ELEMENT_GROUP_RULE_TYPE</FieldRef>
                        <FieldRef>RULE_NAME</FieldRef>
                        <FieldRef>DIMENSION</FieldRef>
                        <FieldRef>RULE_RESULT</FieldRef>
                        <FieldRef>FAIL_DESCRIPTION</FieldRef>
                        <FieldRef>DATA_BATCH_IDENTIFIER</FieldRef>
                        <FieldRef>RUN_TIMESTAMP</FieldRef>
                        <FieldRef>DATA_ENTITY_UID</FieldRef>
                        <FieldRef>DATA_ELEMENT_UID</FieldRef>
                        <FieldRef>RULE_UID</FieldRef>
                        <FieldRef>LATEST_RV</FieldRef>
                        <FieldDataType>STRING</FieldDataType>
                        <FieldDataType>STRING</FieldDataType>
                        <FieldDataType>STRING</FieldDataType>
                        <FieldDataType>STRING</FieldDataType>
                        <FieldDataType>STRING</FieldDataType>
                        <FieldDataType>STRING</FieldDataType>
                        <FieldDataType>STRING</FieldDataType>
                        <FieldDataType>STRING</FieldDataType>
                        <FieldDataType>STRING</FieldDataType>
                        <FieldDataType>STRING</FieldDataType>
                        <FieldDataType>DATETIME</FieldDataType>
                        <FieldDataType>STRING</FieldDataType>
                        <FieldDataType>STRING</FieldDataType>
                        <FieldDataType>STRING</FieldDataType>
                        <FieldDataType>BIGINTEGER</FieldDataType>
                        <EncryptField>false</EncryptField>
                        <EncryptField>false</EncryptField>
                        <EncryptField>false</EncryptField>
                        <EncryptField>false</EncryptField>
                        <EncryptField>false</EncryptField>
                        <EncryptField>false</EncryptField>
                        <EncryptField>false</EncryptField>
                        <EncryptField>false</EncryptField>
                        <EncryptField>false</EncryptField>
                        <EncryptField>false</EncryptField>
                        <EncryptField>false</EncryptField>
                        <EncryptField>false</EncryptField>
                        <EncryptField>false</EncryptField>
                        <EncryptField>false</EncryptField>
                        <EncryptField>false</EncryptField>
                    </InputFields>
                    <OutputFields>
                        <FieldRef>DATA_KEY</FieldRef>
                        <FieldRef>DATA_ENTITY_NAME</FieldRef>
                        <FieldRef>DATA_ELEMENT_NAME</FieldRef>
                        <FieldRef>DATA_ELEMENT_GROUP</FieldRef>
                        <FieldRef>DATA_ELEMENT_GROUP_RULE_TYPE</FieldRef>
                        <FieldRef>RULE_NAME</FieldRef>
                        <FieldRef>DIMENSION</FieldRef>
                        <FieldRef>RULE_RESULT</FieldRef>
                        <FieldRef>FAIL_DESCRIPTION</FieldRef>
                        <FieldRef>DATA_BATCH_IDENTIFIER</FieldRef>
                        <FieldRef>RUN_TIMESTAMP</FieldRef>
                        <FieldRef>DATA_ENTITY_UID</FieldRef>
                        <FieldRef>DATA_ELEMENT_UID</FieldRef>
                        <FieldRef>RULE_UID</FieldRef>
                        <FieldRef>fld_167bbf882bb24f3da9a229e4158a61ba_join2_R</FieldRef>
                        <FieldDataType>STRING</FieldDataType>
                        <FieldDataType>STRING</FieldDataType>
                        <FieldDataType>STRING</FieldDataType>
                        <FieldDataType>STRING</FieldDataType>
                        <FieldDataType>STRING</FieldDataType>
                        <FieldDataType>STRING</FieldDataType>
                        <FieldDataType>STRING</FieldDataType>
                        <FieldDataType>STRING</FieldDataType>
                        <FieldDataType>STRING</FieldDataType>
                        <FieldDataType>STRING</FieldDataType>
                        <FieldDataType>DATETIME</FieldDataType>
                        <FieldDataType>STRING</FieldDataType>
                        <FieldDataType>STRING</FieldDataType>
                        <FieldDataType>STRING</FieldDataType>
                        <FieldDataType>BIGINTEGER</FieldDataType>
                        <EncryptField>false</EncryptField>
                        <EncryptField>false</EncryptField>
                        <EncryptField>false</EncryptField>
                        <EncryptField>false</EncryptField>
                        <EncryptField>false</EncryptField>
                        <EncryptField>false</EncryptField>
                        <EncryptField>false</EncryptField>
                        <EncryptField>false</EncryptField>
                        <EncryptField>false</EncryptField>
                        <EncryptField>false</EncryptField>
                        <EncryptField>false</EncryptField>
                        <EncryptField>false</EncryptField>
                        <EncryptField>false</EncryptField>
                        <EncryptField>false</EncryptField>
                        <EncryptField>false</EncryptField>
                    </OutputFields>
                </SourceDef>
            </DataFrameJoinDef>
            <SelectDef from="join2.join" id="join2.select" countOutput="false">
                <SelectFields>
                    <FieldRef>RULE_RESULT_TRANSFORMED</FieldRef>
                    <FieldRef>IGX_SYSTEM_CREATED_TS</FieldRef>
                    <FieldRef>IGX_SYSTEM_RECORD_VERSION</FieldRef>
                    <FieldRef>IGX_PROCESS_ID</FieldRef>
                    <FieldRef>IGX_WORK_ID</FieldRef>
                    <FieldRef>DATA_KEY</FieldRef>
                    <FieldRef>DATA_ENTITY_NAME</FieldRef>
                    <FieldRef>DATA_ELEMENT_NAME</FieldRef>
                    <FieldRef>DATA_ELEMENT_GROUP</FieldRef>
                    <FieldRef>DATA_ELEMENT_GROUP_RULE_TYPE</FieldRef>
                    <FieldRef>RULE_NAME</FieldRef>
                    <FieldRef>DIMENSION</FieldRef>
                    <FieldRef>RULE_RESULT</FieldRef>
                    <FieldRef>FAIL_DESCRIPTION</FieldRef>
                    <FieldRef>DATA_BATCH_IDENTIFIER</FieldRef>
                    <FieldRef>RUN_TIMESTAMP</FieldRef>
                    <FieldRef>DATA_ENTITY_UID</FieldRef>
                    <FieldRef>DATA_ELEMENT_UID</FieldRef>
                    <FieldRef>RULE_UID</FieldRef>
                    <FieldDataType>STRING</FieldDataType>
                    <FieldDataType>DATETIME</FieldDataType>
                    <FieldDataType>BIGINTEGER</FieldDataType>
                    <FieldDataType>STRING</FieldDataType>
                    <FieldDataType>STRING</FieldDataType>
                    <FieldDataType>STRING</FieldDataType>
                    <FieldDataType>STRING</FieldDataType>
                    <FieldDataType>STRING</FieldDataType>
                    <FieldDataType>STRING</FieldDataType>
                    <FieldDataType>STRING</FieldDataType>
                    <FieldDataType>STRING</FieldDataType>
                    <FieldDataType>STRING</FieldDataType>
                    <FieldDataType>STRING</FieldDataType>
                    <FieldDataType>STRING</FieldDataType>
                    <FieldDataType>STRING</FieldDataType>
                    <FieldDataType>DATETIME</FieldDataType>
                    <FieldDataType>STRING</FieldDataType>
                    <FieldDataType>STRING</FieldDataType>
                    <FieldDataType>STRING</FieldDataType>
                    <EncryptField>false</EncryptField>
                    <EncryptField>false</EncryptField>
                    <EncryptField>false</EncryptField>
                    <EncryptField>false</EncryptField>
                    <EncryptField>false</EncryptField>
                    <EncryptField>false</EncryptField>
                    <EncryptField>false</EncryptField>
                    <EncryptField>false</EncryptField>
                    <EncryptField>false</EncryptField>
                    <EncryptField>false</EncryptField>
                    <EncryptField>false</EncryptField>
                    <EncryptField>false</EncryptField>
                    <EncryptField>false</EncryptField>
                    <EncryptField>false</EncryptField>
                    <EncryptField>false</EncryptField>
                    <EncryptField>false</EncryptField>
                    <EncryptField>false</EncryptField>
                    <EncryptField>false</EncryptField>
                    <EncryptField>false</EncryptField>
                </SelectFields>
            </SelectDef>
        </OperationsDef>
        <OutputsDef>
            <OutputDef id="join2.output" from="join2.select" passthru="true" decryptSecuredValues="false"/>
        </OutputsDef>
    </PipelineDef>
    <PipelineDef id="dataStoreOutput">
        <InputsDef>
            <InputDef id="dataStoreOutput.input" fromOutputId="join2.output"/>
        </InputsDef>
        <OperationsDef>
            <RenameDef from="dataStoreOutput.input" id="dataStoreOutput.rename" countOutput="false">
                <FromFields>
                    <FieldRef>RULE_RESULT_TRANSFORMED</FieldRef>
                    <FieldRef>IGX_SYSTEM_CREATED_TS</FieldRef>
                    <FieldRef>IGX_SYSTEM_RECORD_VERSION</FieldRef>
                    <FieldRef>IGX_PROCESS_ID</FieldRef>
                    <FieldRef>IGX_WORK_ID</FieldRef>
                    <FieldRef>DATA_KEY</FieldRef>
                    <FieldRef>DATA_ENTITY_NAME</FieldRef>
                    <FieldRef>DATA_ELEMENT_NAME</FieldRef>
                    <FieldRef>DATA_ELEMENT_GROUP</FieldRef>
                    <FieldRef>DATA_ELEMENT_GROUP_RULE_TYPE</FieldRef>
                    <FieldRef>RULE_NAME</FieldRef>
                    <FieldRef>DIMENSION</FieldRef>
                    <FieldRef>RULE_RESULT</FieldRef>
                    <FieldRef>FAIL_DESCRIPTION</FieldRef>
                    <FieldRef>DATA_BATCH_IDENTIFIER</FieldRef>
                    <FieldRef>RUN_TIMESTAMP</FieldRef>
                    <FieldRef>DATA_ENTITY_UID</FieldRef>
                    <FieldRef>DATA_ELEMENT_UID</FieldRef>
                    <FieldRef>RULE_UID</FieldRef>
                </FromFields>
                <ToFields>
                    <FieldRef>RULE_RESULT_TRANSFORMED</FieldRef>
                    <FieldRef>IGX_SYSTEM_CREATED_TS</FieldRef>
                    <FieldRef>IGX_SYSTEM_RECORD_VERSION</FieldRef>
                    <FieldRef>IGX_PROCESS_ID</FieldRef>
                    <FieldRef>IGX_WORK_ID</FieldRef>
                    <FieldRef>DATA_KEY</FieldRef>
                    <FieldRef>DATA_ENTITY_NAME</FieldRef>
                    <FieldRef>DATA_ELEMENT_NAME</FieldRef>
                    <FieldRef>DATA_ELEMENT_GROUP</FieldRef>
                    <FieldRef>DATA_ELEMENT_GROUP_RULE_TYPE</FieldRef>
                    <FieldRef>RULE_NAME</FieldRef>
                    <FieldRef>DIMENSION</FieldRef>
                    <FieldRef>RULE_RESULT</FieldRef>
                    <FieldRef>FAIL_DESCRIPTION</FieldRef>
                    <FieldRef>DATA_BATCH_IDENTIFIER</FieldRef>
                    <FieldRef>RUN_TIMESTAMP</FieldRef>
                    <FieldRef>DATA_ENTITY_UID</FieldRef>
                    <FieldRef>DATA_ELEMENT_UID</FieldRef>
                    <FieldRef>RULE_UID</FieldRef>
                </ToFields>
                <OutputFields>
                    <FieldRef>RULE_RESULT_TRANSFORMED</FieldRef>
                    <FieldRef>IGX_SYSTEM_CREATED_TS</FieldRef>
                    <FieldRef>IGX_SYSTEM_RECORD_VERSION</FieldRef>
                    <FieldRef>IGX_PROCESS_ID</FieldRef>
                    <FieldRef>IGX_WORK_ID</FieldRef>
                    <FieldRef>DATA_KEY</FieldRef>
                    <FieldRef>DATA_ENTITY_NAME</FieldRef>
                    <FieldRef>DATA_ELEMENT_NAME</FieldRef>
                    <FieldRef>DATA_ELEMENT_GROUP</FieldRef>
                    <FieldRef>DATA_ELEMENT_GROUP_RULE_TYPE</FieldRef>
                    <FieldRef>RULE_NAME</FieldRef>
                    <FieldRef>DIMENSION</FieldRef>
                    <FieldRef>RULE_RESULT</FieldRef>
                    <FieldRef>FAIL_DESCRIPTION</FieldRef>
                    <FieldRef>DATA_BATCH_IDENTIFIER</FieldRef>
                    <FieldRef>RUN_TIMESTAMP</FieldRef>
                    <FieldRef>DATA_ENTITY_UID</FieldRef>
                    <FieldRef>DATA_ELEMENT_UID</FieldRef>
                    <FieldRef>RULE_UID</FieldRef>
                </OutputFields>
            </RenameDef>
        </OperationsDef>
        <OutputsDef>
            <OutputDef id="dataStoreOutput.output" from="dataStoreOutput.rename" passthru="false" maxNumOutputPartitions="1" decryptSecuredValues="false">
                <DataStoreRef name="d9566487f28d4b90ac20edc66081e400" owningMemberId="1020">
                    <FieldsToUpdate>
                        <FieldRef>RULE_RESULT_TRANSFORMED</FieldRef>
                        <FieldRef>IGX_SYSTEM_CREATED_TS</FieldRef>
                        <FieldRef>IGX_SYSTEM_RECORD_VERSION</FieldRef>
                        <FieldRef>IGX_PROCESS_ID</FieldRef>
                        <FieldRef>IGX_WORK_ID</FieldRef>
                        <FieldRef>DATA_KEY</FieldRef>
                        <FieldRef>DATA_ENTITY_NAME</FieldRef>
                        <FieldRef>DATA_ELEMENT_NAME</FieldRef>
                        <FieldRef>DATA_ELEMENT_GROUP</FieldRef>
                        <FieldRef>DATA_ELEMENT_GROUP_RULE_TYPE</FieldRef>
                        <FieldRef>RULE_NAME</FieldRef>
                        <FieldRef>DIMENSION</FieldRef>
                        <FieldRef>RULE_RESULT</FieldRef>
                        <FieldRef>FAIL_DESCRIPTION</FieldRef>
                        <FieldRef>DATA_BATCH_IDENTIFIER</FieldRef>
                        <FieldRef>RUN_TIMESTAMP</FieldRef>
                        <FieldRef>DATA_ENTITY_UID</FieldRef>
                        <FieldRef>DATA_ELEMENT_UID</FieldRef>
                        <FieldRef>RULE_UID</FieldRef>
                        <FieldDataType>STRING</FieldDataType>
                        <FieldDataType>DATETIME</FieldDataType>
                        <FieldDataType>BIGINTEGER</FieldDataType>
                        <FieldDataType>STRING</FieldDataType>
                        <FieldDataType>STRING</FieldDataType>
                        <FieldDataType>STRING</FieldDataType>
                        <FieldDataType>STRING</FieldDataType>
                        <FieldDataType>STRING</FieldDataType>
                        <FieldDataType>STRING</FieldDataType>
                        <FieldDataType>STRING</FieldDataType>
                        <FieldDataType>STRING</FieldDataType>
                        <FieldDataType>STRING</FieldDataType>
                        <FieldDataType>STRING</FieldDataType>
                        <FieldDataType>STRING</FieldDataType>
                        <FieldDataType>STRING</FieldDataType>
                        <FieldDataType>DATETIME</FieldDataType>
                        <FieldDataType>STRING</FieldDataType>
                        <FieldDataType>STRING</FieldDataType>
                        <FieldDataType>STRING</FieldDataType>
                    </FieldsToUpdate>
                </DataStoreRef>
                <PartitionByFields/>
            </OutputDef>
        </OutputsDef>
    </PipelineDef>
</ExecutionModel>
