<?xml version="1.0" encoding="UTF-8" standalone="yes"?>
<ExecutionModel xmlns="com/infogix/component/executionengine/export/fdt" id="4e048f37c1c349e5a3ecd54128113dba_exec">
    <OptionsDef logLimit="100" cacheOperationOutput="false" cacheResourceIntensiveOperationOutput="false" countOperationOutput="false"/>
    <PipelineDef id="dataStore">
        <InputsDef>
            <InputDef id="dataStore.input">
                <DataStoreRef name="5ed5429e03344c608fbdac09efdfc973" owningMemberId="1020" dataLoadRange="NEW">
                    <SourceFilter/>
                </DataStoreRef>
            </InputDef>
        </InputsDef>
        <OperationsDef>
            <SelectDef from="dataStore.input" id="dataStore.select" countOutput="false">
                <SelectFields>
                    <FieldRef>Dummy</FieldRef>
                    <FieldDataType>STRING</FieldDataType>
                </SelectFields>
            </SelectDef>
        </OperationsDef>
        <OutputsDef>
            <OutputDef id="dataStore.output" from="dataStore.select" passthru="true" decryptSecuredValues="false"/>
        </OutputsDef>
    </PipelineDef>
    <PipelineDef id="sql">
        <InputsDef>
            <InputDef id="sql.input" fromOutputId="dataStore.output"/>
        </InputsDef>
        <OperationsDef>
            <SqlDef id="sql.sql" countOutput="true">
                <SourceDef name="dummy" from="sql.input">
                    <InputFields>
                        <FieldRef>Dummy</FieldRef>
                        <FieldDataType>STRING</FieldDataType>
                        <EncryptField>false</EncryptField>
                    </InputFields>
                </SourceDef>
                <Sql>SELECT 'X' AS Dummy</Sql>
                <OutputFields>
                    <FieldRef>Dummy</FieldRef>
                    <FieldDataType>STRING</FieldDataType>
                    <NestedFields xmlns:xsi="http://www.w3.org/2001/XMLSchema-instance" xsi:nil="true"/>
                    <EncryptField>false</EncryptField>
                </OutputFields>
            </SqlDef>
        </OperationsDef>
        <OutputsDef>
            <OutputDef id="sql.output" from="sql.sql" passthru="true" decryptSecuredValues="false"/>
        </OutputsDef>
    </PipelineDef>
    <PipelineDef id="select">
        <InputsDef>
            <InputDef id="select.input" fromOutputId="sql.output"/>
        </InputsDef>
        <OperationsDef>
            <SelectDef from="select.input" id="select.select" countOutput="true">
                <SelectFields>
                    <FieldRef>Dummy</FieldRef>
                    <FieldDataType>STRING</FieldDataType>
                    <EncryptField>false</EncryptField>
                </SelectFields>
            </SelectDef>
            <ComputeDef from="select.select" id="select.compute1" countOutput="false">
                <ComputedField>D3S_PROCESS_ID</ComputedField>
                <ComputedFieldDataType>STRING</ComputedFieldDataType>
                <ExpressionDef lang="formula" expression="RUNTIME('processId')"/>
            </ComputeDef>
            <ComputeDef from="select.compute1" id="select.compute2" countOutput="false">
                <ComputedField>D3S_WORK_ID</ComputedField>
                <ComputedFieldDataType>STRING</ComputedFieldDataType>
                <ExpressionDef lang="formula" expression="RUNTIME('REFRESHER_WK_ID')"/>
            </ComputeDef>
            <ComputeDef from="select.compute2" id="select.compute3" countOutput="false">
                <ComputedField>RUN_DATE</ComputedField>
                <ComputedFieldDataType>DATE</ComputedFieldDataType>
                <ExpressionDef lang="formula" expression="CURRENT_TIMESTAMP()"/>
            </ComputeDef>
            <ComputeDef from="select.compute3" id="select.compute4" countOutput="false">
                <ComputedField>START_TS</ComputedField>
                <ComputedFieldDataType>DATETIME</ComputedFieldDataType>
                <ExpressionDef lang="formula" expression="RUNTIME('START_TS')"/>
            </ComputeDef>
            <ComputeDef from="select.compute4" id="select.compute5" countOutput="false">
                <ComputedField>END_TS</ComputedField>
                <ComputedFieldDataType>DATETIME</ComputedFieldDataType>
                <ExpressionDef lang="formula" expression="CURRENT_TIMESTAMP()"/>
            </ComputeDef>
            <ComputeDef from="select.compute5" id="select.compute6" countOutput="false">
                <ComputedField>D3S_SYSTEM_CREATED_TS</ComputedField>
                <ComputedFieldDataType>DATETIME</ComputedFieldDataType>
                <ExpressionDef lang="formula" expression="CURRENT_TIMESTAMP()"/>
            </ComputeDef>
            <ComputeDef from="select.compute6" id="select.compute7" countOutput="false">
                <ComputedField>D3S_SYSTEM_UPDATED_TS</ComputedField>
                <ComputedFieldDataType>DATETIME</ComputedFieldDataType>
                <ExpressionDef lang="formula" expression="CURRENT_TIMESTAMP()"/>
            </ComputeDef>
            <ComputeDef from="select.compute7" id="select.compute8" countOutput="false">
                <ComputedField>D3S_SYSTEM_RECORD_VERSION</ComputedField>
                <ComputedFieldDataType>BIGINTEGER</ComputedFieldDataType>
                <ExpressionDef lang="formula" expression="1"/>
            </ComputeDef>
        </OperationsDef>
        <OutputsDef>
            <OutputDef id="select.output" from="select.compute8" passthru="true" decryptSecuredValues="false"/>
        </OutputsDef>
    </PipelineDef>
    <PipelineDef id="dataStoreOutput">
        <InputsDef>
            <InputDef id="dataStoreOutput.input" fromOutputId="select.output"/>
        </InputsDef>
        <OperationsDef>
            <RenameDef from="dataStoreOutput.input" id="dataStoreOutput.rename" countOutput="false">
                <FromFields>
                    <FieldRef>D3S_PROCESS_ID</FieldRef>
                    <FieldRef>D3S_WORK_ID</FieldRef>
                    <FieldRef>RUN_DATE</FieldRef>
                    <FieldRef>START_TS</FieldRef>
                    <FieldRef>END_TS</FieldRef>
                    <FieldRef>D3S_SYSTEM_CREATED_TS</FieldRef>
                    <FieldRef>D3S_SYSTEM_UPDATED_TS</FieldRef>
                    <FieldRef>D3S_SYSTEM_RECORD_VERSION</FieldRef>
                </FromFields>
                <ToFields>
                    <FieldRef>D3S_PROCESS_ID</FieldRef>
                    <FieldRef>D3S_WORK_ID</FieldRef>
                    <FieldRef>RUN_DATE</FieldRef>
                    <FieldRef>START_TS</FieldRef>
                    <FieldRef>END_TS</FieldRef>
                    <FieldRef>D3S_SYSTEM_CREATED_TS</FieldRef>
                    <FieldRef>D3S_SYSTEM_UPDATED_TS</FieldRef>
                    <FieldRef>D3S_SYSTEM_RECORD_VERSION</FieldRef>
                </ToFields>
                <OutputFields>
                    <FieldRef>D3S_PROCESS_ID</FieldRef>
                    <FieldRef>D3S_WORK_ID</FieldRef>
                    <FieldRef>RUN_DATE</FieldRef>
                    <FieldRef>START_TS</FieldRef>
                    <FieldRef>END_TS</FieldRef>
                    <FieldRef>D3S_SYSTEM_CREATED_TS</FieldRef>
                    <FieldRef>D3S_SYSTEM_UPDATED_TS</FieldRef>
                    <FieldRef>D3S_SYSTEM_RECORD_VERSION</FieldRef>
                </OutputFields>
            </RenameDef>
        </OperationsDef>
        <OutputsDef>
            <OutputDef id="dataStoreOutput.output" from="dataStoreOutput.rename" passthru="false" maxNumOutputPartitions="1" decryptSecuredValues="false">
                <DataStoreRef name="9f6dd943a9e34c5885407a58997715ff" owningMemberId="1020">
                    <FieldsToUpdate>
                        <FieldRef>D3S_PROCESS_ID</FieldRef>
                        <FieldRef>D3S_WORK_ID</FieldRef>
                        <FieldRef>RUN_DATE</FieldRef>
                        <FieldRef>START_TS</FieldRef>
                        <FieldRef>END_TS</FieldRef>
                        <FieldRef>D3S_SYSTEM_CREATED_TS</FieldRef>
                        <FieldRef>D3S_SYSTEM_UPDATED_TS</FieldRef>
                        <FieldRef>D3S_SYSTEM_RECORD_VERSION</FieldRef>
                        <FieldDataType>STRING</FieldDataType>
                        <FieldDataType>STRING</FieldDataType>
                        <FieldDataType>DATE</FieldDataType>
                        <FieldDataType>DATETIME</FieldDataType>
                        <FieldDataType>DATETIME</FieldDataType>
                        <FieldDataType>DATETIME</FieldDataType>
                        <FieldDataType>DATETIME</FieldDataType>
                        <FieldDataType>BIGINTEGER</FieldDataType>
                    </FieldsToUpdate>
                </DataStoreRef>
                <PartitionByFields/>
            </OutputDef>
        </OutputsDef>
    </PipelineDef>
</ExecutionModel>
