<?xml version="1.0" encoding="UTF-8" standalone="yes"?>
<ExecutionModel xmlns="com/infogix/component/executionengine/export/fdt" id="43ff2fa66ea74187888a85e0155d5e29_exec">
    <OptionsDef logLimit="100" cacheOperationOutput="true" cacheResourceIntensiveOperationOutput="false" countOperationOutput="true"/>
    <PipelineDef id="dataStore">
        <InputsDef>
            <InputDef id="dataStore.input">
                <DataStoreRef name="4f2be746abf741159fe03e317877ac3f" owningMemberId="1020" dataLoadRange="ALL">
                    <SourceFilter/>
                </DataStoreRef>
            </InputDef>
        </InputsDef>
        <OperationsDef>
            <SelectDef from="dataStore.input" id="dataStore.select" countOutput="false">
                <SelectFields>
                    <FieldRef>RUN_TIMESTAMP</FieldRef>
                    <FieldRef>ASSET_TYPE_NAME</FieldRef>
                    <FieldRef>ASSET_TYPE_UID</FieldRef>
                    <FieldRef>ASSET_NAME</FieldRef>
                    <FieldRef>ASSET_UID</FieldRef>
                    <FieldRef>LEVEL</FieldRef>
                    <FieldRef>WEIGHTAGE</FieldRef>
                    <FieldRef>ROW_COUNT</FieldRef>
                    <FieldRef>PASS_COUNT</FieldRef>
                    <FieldRef>FAIL_COUNT</FieldRef>
                    <FieldRef>SKIP_COUNT</FieldRef>
                    <FieldRef>ERROR_COUNT</FieldRef>
                    <FieldRef>SCORE</FieldRef>
                    <FieldRef>D3S_PROCESS_ID</FieldRef>
                    <FieldRef>D3S_WORK_ID</FieldRef>
                    <FieldRef>D3S_RECORD_ID</FieldRef>
                    <FieldRef>D3S_SYSTEM_CREATED_TS</FieldRef>
                    <FieldRef>D3S_USER_DEFINED_1</FieldRef>
                    <FieldRef>D3S_USER_DEFINED_2</FieldRef>
                    <FieldRef>D3S_USER_DEFINED_3</FieldRef>
                    <FieldRef>D3S_USER_DEFINED_4</FieldRef>
                    <FieldRef>D3S_USER_DEFINED_5</FieldRef>
                    <FieldRef>D3S_USER_DEFINED_6</FieldRef>
                    <FieldRef>D3S_USER_DEFINED_7</FieldRef>
                    <FieldRef>D3S_USER_DEFINED_8</FieldRef>
                    <FieldRef>D3S_USER_DEFINED_9</FieldRef>
                    <FieldRef>D3S_USER_DEFINED_10</FieldRef>
                    <FieldRef>D3S_USER_DEFINED_11</FieldRef>
                    <FieldRef>D3S_USER_DEFINED_12</FieldRef>
                    <FieldDataType>DATETIME</FieldDataType>
                    <FieldDataType>STRING</FieldDataType>
                    <FieldDataType>STRING</FieldDataType>
                    <FieldDataType>STRING</FieldDataType>
                    <FieldDataType>STRING</FieldDataType>
                    <FieldDataType>INTEGER</FieldDataType>
                    <FieldDataType>DECIMAL</FieldDataType>
                    <FieldDataType>INTEGER</FieldDataType>
                    <FieldDataType>INTEGER</FieldDataType>
                    <FieldDataType>INTEGER</FieldDataType>
                    <FieldDataType>INTEGER</FieldDataType>
                    <FieldDataType>INTEGER</FieldDataType>
                    <FieldDataType>FLOATINGPOINT</FieldDataType>
                    <FieldDataType>STRING</FieldDataType>
                    <FieldDataType>STRING</FieldDataType>
                    <FieldDataType>STRING</FieldDataType>
                    <FieldDataType>DATETIME</FieldDataType>
                    <FieldDataType>BIGINTEGER</FieldDataType>
                    <FieldDataType>BIGINTEGER</FieldDataType>
                    <FieldDataType>DATE</FieldDataType>
                    <FieldDataType>DATE</FieldDataType>
                    <FieldDataType>DATETIME</FieldDataType>
                    <FieldDataType>DATETIME</FieldDataType>
                    <FieldDataType>STRING</FieldDataType>
                    <FieldDataType>STRING</FieldDataType>
                    <FieldDataType>STRING</FieldDataType>
                    <FieldDataType>STRING</FieldDataType>
                    <FieldDataType>STRING</FieldDataType>
                    <FieldDataType>STRING</FieldDataType>
                </SelectFields>
            </SelectDef>
            <ComputeDef from="dataStore.select" id="dataStore.compute1" countOutput="false">
                <ComputedField>SCORE_DERIVED</ComputedField>
                <ComputedFieldDataType>FLOATINGPOINT</ComputedFieldDataType>
                <ExpressionDef lang="formula" expression="IF(ISNAN(SCORE),0,SCORE)"/>
            </ComputeDef>
        </OperationsDef>
        <OutputsDef>
            <OutputDef id="dataStore.output" from="dataStore.compute1" passthru="true" decryptSecuredValues="false"/>
        </OutputsDef>
    </PipelineDef>
    <PipelineDef id="sql3">
        <InputsDef>
            <InputDef id="sql3.input" fromOutputId="dataStore.output"/>
        </InputsDef>
        <OperationsDef>
            <SqlDef id="sql3.sql" countOutput="true">
                <SourceDef name="input" from="sql3.input">
                    <InputFields>
                        <FieldRef>RUN_TIMESTAMP</FieldRef>
                        <FieldRef>ASSET_TYPE_NAME</FieldRef>
                        <FieldRef>ASSET_TYPE_UID</FieldRef>
                        <FieldRef>ASSET_NAME</FieldRef>
                        <FieldRef>ASSET_UID</FieldRef>
                        <FieldRef>LEVEL</FieldRef>
                        <FieldRef>WEIGHTAGE</FieldRef>
                        <FieldRef>ROW_COUNT</FieldRef>
                        <FieldRef>PASS_COUNT</FieldRef>
                        <FieldRef>FAIL_COUNT</FieldRef>
                        <FieldRef>SKIP_COUNT</FieldRef>
                        <FieldRef>ERROR_COUNT</FieldRef>
                        <FieldRef>SCORE</FieldRef>
                        <FieldRef>D3S_PROCESS_ID</FieldRef>
                        <FieldRef>D3S_WORK_ID</FieldRef>
                        <FieldRef>D3S_RECORD_ID</FieldRef>
                        <FieldRef>D3S_SYSTEM_CREATED_TS</FieldRef>
                        <FieldRef>D3S_USER_DEFINED_1</FieldRef>
                        <FieldRef>D3S_USER_DEFINED_2</FieldRef>
                        <FieldRef>D3S_USER_DEFINED_3</FieldRef>
                        <FieldRef>D3S_USER_DEFINED_4</FieldRef>
                        <FieldRef>D3S_USER_DEFINED_5</FieldRef>
                        <FieldRef>D3S_USER_DEFINED_6</FieldRef>
                        <FieldRef>D3S_USER_DEFINED_7</FieldRef>
                        <FieldRef>D3S_USER_DEFINED_8</FieldRef>
                        <FieldRef>D3S_USER_DEFINED_9</FieldRef>
                        <FieldRef>D3S_USER_DEFINED_10</FieldRef>
                        <FieldRef>D3S_USER_DEFINED_11</FieldRef>
                        <FieldRef>D3S_USER_DEFINED_12</FieldRef>
                        <FieldRef>SCORE_DERIVED</FieldRef>
                        <FieldDataType>DATETIME</FieldDataType>
                        <FieldDataType>STRING</FieldDataType>
                        <FieldDataType>STRING</FieldDataType>
                        <FieldDataType>STRING</FieldDataType>
                        <FieldDataType>STRING</FieldDataType>
                        <FieldDataType>INTEGER</FieldDataType>
                        <FieldDataType>DECIMAL</FieldDataType>
                        <FieldDataType>INTEGER</FieldDataType>
                        <FieldDataType>INTEGER</FieldDataType>
                        <FieldDataType>INTEGER</FieldDataType>
                        <FieldDataType>INTEGER</FieldDataType>
                        <FieldDataType>INTEGER</FieldDataType>
                        <FieldDataType>FLOATINGPOINT</FieldDataType>
                        <FieldDataType>STRING</FieldDataType>
                        <FieldDataType>STRING</FieldDataType>
                        <FieldDataType>STRING</FieldDataType>
                        <FieldDataType>DATETIME</FieldDataType>
                        <FieldDataType>BIGINTEGER</FieldDataType>
                        <FieldDataType>BIGINTEGER</FieldDataType>
                        <FieldDataType>DATE</FieldDataType>
                        <FieldDataType>DATE</FieldDataType>
                        <FieldDataType>DATETIME</FieldDataType>
                        <FieldDataType>DATETIME</FieldDataType>
                        <FieldDataType>STRING</FieldDataType>
                        <FieldDataType>STRING</FieldDataType>
                        <FieldDataType>STRING</FieldDataType>
                        <FieldDataType>STRING</FieldDataType>
                        <FieldDataType>STRING</FieldDataType>
                        <FieldDataType>STRING</FieldDataType>
                        <FieldDataType>FLOATINGPOINT</FieldDataType>
                        <EncryptField>false</EncryptField>
                        <EncryptField>false</EncryptField>
                        <EncryptField>false</EncryptField>
                        <EncryptField>false</EncryptField>
                        <EncryptField>false</EncryptField>
                        <EncryptField>false</EncryptField>
                        <EncryptField>false</EncryptField>
                        <EncryptField>false</EncryptField>
                        <EncryptField>false</EncryptField>
                        <EncryptField>false</EncryptField>
                        <EncryptField>false</EncryptField>
                        <EncryptField>false</EncryptField>
                        <EncryptField>false</EncryptField>
                        <EncryptField>false</EncryptField>
                        <EncryptField>false</EncryptField>
                        <EncryptField>false</EncryptField>
                        <EncryptField>false</EncryptField>
                        <EncryptField>false</EncryptField>
                        <EncryptField>false</EncryptField>
                        <EncryptField>false</EncryptField>
                        <EncryptField>false</EncryptField>
                        <EncryptField>false</EncryptField>
                        <EncryptField>false</EncryptField>
                        <EncryptField>false</EncryptField>
                        <EncryptField>false</EncryptField>
                        <EncryptField>false</EncryptField>
                        <EncryptField>false</EncryptField>
                        <EncryptField>false</EncryptField>
                        <EncryptField>false</EncryptField>
                        <EncryptField>false</EncryptField>
                    </InputFields>
                </SourceDef>
                <Sql>SELECT
	input.RUN_TIMESTAMP,
	CASE WHEN input.ASSET_TYPE_UID='' OR input.ASSET_TYPE_UID IS NULL THEN 'Blank' ELSE input.ASSET_TYPE_UID END AS ASSET_TYPE_UID,
	input.ASSET_UID,
	input.ROW_COUNT,
	input.PASS_COUNT,
	input.FAIL_COUNT,
	input.SKIP_COUNT,
	input.ERROR_COUNT,
	input.SCORE_DERIVED AS SCORE,
	row_number() over (partition by input.ASSET_UID order by input.RUN_TIMESTAMP desc) EXEC_SEQ
FROM input </Sql>
                <OutputFields>
                    <FieldRef>RUN_TIMESTAMP</FieldRef>
                    <FieldRef>ASSET_TYPE_UID</FieldRef>
                    <FieldRef>ASSET_UID</FieldRef>
                    <FieldRef>ROW_COUNT</FieldRef>
                    <FieldRef>PASS_COUNT</FieldRef>
                    <FieldRef>FAIL_COUNT</FieldRef>
                    <FieldRef>SKIP_COUNT</FieldRef>
                    <FieldRef>ERROR_COUNT</FieldRef>
                    <FieldRef>SCORE</FieldRef>
                    <FieldRef>EXEC_SEQ</FieldRef>
                    <FieldDataType>DATETIME</FieldDataType>
                    <FieldDataType>STRING</FieldDataType>
                    <FieldDataType>STRING</FieldDataType>
                    <FieldDataType>INTEGER</FieldDataType>
                    <FieldDataType>INTEGER</FieldDataType>
                    <FieldDataType>INTEGER</FieldDataType>
                    <FieldDataType>INTEGER</FieldDataType>
                    <FieldDataType>INTEGER</FieldDataType>
                    <FieldDataType>FLOATINGPOINT</FieldDataType>
                    <FieldDataType>INTEGER</FieldDataType>
                    <NestedFields xmlns:xsi="http://www.w3.org/2001/XMLSchema-instance" xsi:nil="true"/>
                    <NestedFields xmlns:xsi="http://www.w3.org/2001/XMLSchema-instance" xsi:nil="true"/>
                    <NestedFields xmlns:xsi="http://www.w3.org/2001/XMLSchema-instance" xsi:nil="true"/>
                    <NestedFields xmlns:xsi="http://www.w3.org/2001/XMLSchema-instance" xsi:nil="true"/>
                    <NestedFields xmlns:xsi="http://www.w3.org/2001/XMLSchema-instance" xsi:nil="true"/>
                    <NestedFields xmlns:xsi="http://www.w3.org/2001/XMLSchema-instance" xsi:nil="true"/>
                    <NestedFields xmlns:xsi="http://www.w3.org/2001/XMLSchema-instance" xsi:nil="true"/>
                    <NestedFields xmlns:xsi="http://www.w3.org/2001/XMLSchema-instance" xsi:nil="true"/>
                    <NestedFields xmlns:xsi="http://www.w3.org/2001/XMLSchema-instance" xsi:nil="true"/>
                    <NestedFields xmlns:xsi="http://www.w3.org/2001/XMLSchema-instance" xsi:nil="true"/>
                    <EncryptField>false</EncryptField>
                    <EncryptField>false</EncryptField>
                    <EncryptField>false</EncryptField>
                    <EncryptField>false</EncryptField>
                    <EncryptField>false</EncryptField>
                    <EncryptField>false</EncryptField>
                    <EncryptField>false</EncryptField>
                    <EncryptField>false</EncryptField>
                    <EncryptField>false</EncryptField>
                    <EncryptField>false</EncryptField>
                </OutputFields>
            </SqlDef>
        </OperationsDef>
        <OutputsDef>
            <OutputDef id="sql3.output" from="sql3.sql" passthru="true" decryptSecuredValues="false"/>
        </OutputsDef>
    </PipelineDef>
    <PipelineDef id="filter">
        <InputsDef>
            <InputDef id="filter.input" fromOutputId="sql3.output"/>
        </InputsDef>
        <OperationsDef>
            <FilterDef from="filter.input" id="filter.filter" countOutput="true">
                <ExpressionDef lang="formula" expression="EXEC_SEQ &lt;= RUNTIME('PM_SCORE_POST_DAYS')"/>
            </FilterDef>
        </OperationsDef>
        <OutputsDef>
            <OutputDef id="filter.output" from="filter.filter" passthru="true" decryptSecuredValues="false"/>
        </OutputsDef>
    </PipelineDef>
    <PipelineDef id="sql4">
        <InputsDef>
            <InputDef id="sql4.input" fromOutputId="filter.output"/>
        </InputsDef>
        <OperationsDef>
            <SqlDef id="sql4.sql" countOutput="true">
                <SourceDef name="x" from="sql4.input">
                    <InputFields>
                        <FieldRef>RUN_TIMESTAMP</FieldRef>
                        <FieldRef>ASSET_TYPE_UID</FieldRef>
                        <FieldRef>ASSET_UID</FieldRef>
                        <FieldRef>ROW_COUNT</FieldRef>
                        <FieldRef>PASS_COUNT</FieldRef>
                        <FieldRef>FAIL_COUNT</FieldRef>
                        <FieldRef>SKIP_COUNT</FieldRef>
                        <FieldRef>ERROR_COUNT</FieldRef>
                        <FieldRef>SCORE</FieldRef>
                        <FieldRef>EXEC_SEQ</FieldRef>
                        <FieldDataType>DATETIME</FieldDataType>
                        <FieldDataType>STRING</FieldDataType>
                        <FieldDataType>STRING</FieldDataType>
                        <FieldDataType>INTEGER</FieldDataType>
                        <FieldDataType>INTEGER</FieldDataType>
                        <FieldDataType>INTEGER</FieldDataType>
                        <FieldDataType>INTEGER</FieldDataType>
                        <FieldDataType>INTEGER</FieldDataType>
                        <FieldDataType>FLOATINGPOINT</FieldDataType>
                        <FieldDataType>INTEGER</FieldDataType>
                        <EncryptField>false</EncryptField>
                        <EncryptField>false</EncryptField>
                        <EncryptField>false</EncryptField>
                        <EncryptField>false</EncryptField>
                        <EncryptField>false</EncryptField>
                        <EncryptField>false</EncryptField>
                        <EncryptField>false</EncryptField>
                        <EncryptField>false</EncryptField>
                        <EncryptField>false</EncryptField>
                        <EncryptField>false</EncryptField>
                    </InputFields>
                </SourceDef>
                <Sql>SELECT DISTINCT x.ASSET_TYPE_UID,x.ASSET_UID
FROM x</Sql>
                <OutputFields>
                    <FieldRef>ASSET_TYPE_UID</FieldRef>
                    <FieldRef>ASSET_UID</FieldRef>
                    <FieldDataType>STRING</FieldDataType>
                    <FieldDataType>STRING</FieldDataType>
                    <NestedFields xmlns:xsi="http://www.w3.org/2001/XMLSchema-instance" xsi:nil="true"/>
                    <NestedFields xmlns:xsi="http://www.w3.org/2001/XMLSchema-instance" xsi:nil="true"/>
                    <EncryptField>false</EncryptField>
                    <EncryptField>false</EncryptField>
                </OutputFields>
            </SqlDef>
        </OperationsDef>
        <OutputsDef>
            <OutputDef id="sql4.output" from="sql4.sql" passthru="true" decryptSecuredValues="false"/>
        </OutputsDef>
    </PipelineDef>
    <PipelineDef id="coGroup">
        <InputsDef>
            <InputDef id="coGroup.input.left" fromOutputId="sql4.output"/>
            <InputDef id="coGroup.input.right" fromOutputId="filter.output"/>
        </InputsDef>
        <OperationsDef>
            <CoGroupDef id="coGroup.coGroup" countOutput="true">
                <SourceDef name="Left" from="coGroup.input.left">
                    <GroupFields>
                        <FieldRef>ASSET_TYPE_UID</FieldRef>
                        <FieldDataType>STRING</FieldDataType>
                    </GroupFields>
                    <OutputFields>
                        <FieldRef>ASSET_TYPE_UID</FieldRef>
                        <FieldRef>ASSET_UID</FieldRef>
                        <FieldDataType>STRING</FieldDataType>
                        <FieldDataType>STRING</FieldDataType>
                    </OutputFields>
                </SourceDef>
                <SourceDef name="Right" from="coGroup.input.right">
                    <GroupFields>
                        <FieldRef>ASSET_TYPE_UID</FieldRef>
                        <FieldDataType>STRING</FieldDataType>
                    </GroupFields>
                    <OutputFields>
                        <FieldRef>RUN_TIMESTAMP</FieldRef>
                        <FieldRef>ASSET_TYPE_UID</FieldRef>
                        <FieldRef>ASSET_UID</FieldRef>
                        <FieldRef>ROW_COUNT</FieldRef>
                        <FieldRef>PASS_COUNT</FieldRef>
                        <FieldRef>FAIL_COUNT</FieldRef>
                        <FieldRef>SKIP_COUNT</FieldRef>
                        <FieldRef>ERROR_COUNT</FieldRef>
                        <FieldRef>SCORE</FieldRef>
                        <FieldRef>EXEC_SEQ</FieldRef>
                        <FieldDataType>DATETIME</FieldDataType>
                        <FieldDataType>STRING</FieldDataType>
                        <FieldDataType>STRING</FieldDataType>
                        <FieldDataType>INTEGER</FieldDataType>
                        <FieldDataType>INTEGER</FieldDataType>
                        <FieldDataType>INTEGER</FieldDataType>
                        <FieldDataType>INTEGER</FieldDataType>
                        <FieldDataType>INTEGER</FieldDataType>
                        <FieldDataType>FLOATINGPOINT</FieldDataType>
                        <FieldDataType>INTEGER</FieldDataType>
                    </OutputFields>
                </SourceDef>
            </CoGroupDef>
        </OperationsDef>
        <OutputsDef>
            <OutputDef id="coGroup.output" from="coGroup.coGroup" passthru="true" decryptSecuredValues="false"/>
        </OutputsDef>
    </PipelineDef>
    <PipelineDef id="script2">
        <InputsDef>
            <InputDef id="script2.input" fromOutputId="coGroup.output"/>
        </InputsDef>
        <OperationsDef>
            <ScriptDef mimeType="text/javascript" from="script2.input" id="script2.script" countOutput="true">
                <SelectFields>
                    <FieldRef>ASSET_TYPE_UID</FieldRef>
                    <FieldRef>Left</FieldRef>
                    <FieldRef>Right</FieldRef>
                    <FieldDataType>STRING</FieldDataType>
                    <FieldDataType>ARRAY</FieldDataType>
                    <FieldDataType>ARRAY</FieldDataType>
                    <NestedFields>
                        <FieldRef>ASSET_TYPE_UID</FieldRef>
                        <FieldRef>ASSET_UID</FieldRef>
                        <FieldDataType>STRING</FieldDataType>
                        <FieldDataType>STRING</FieldDataType>
                        <EncryptField>false</EncryptField>
                        <EncryptField>false</EncryptField>
                    </NestedFields>
                    <NestedFields>
                        <FieldRef>RUN_TIMESTAMP</FieldRef>
                        <FieldRef>ASSET_TYPE_UID</FieldRef>
                        <FieldRef>ASSET_UID</FieldRef>
                        <FieldRef>ROW_COUNT</FieldRef>
                        <FieldRef>PASS_COUNT</FieldRef>
                        <FieldRef>FAIL_COUNT</FieldRef>
                        <FieldRef>SKIP_COUNT</FieldRef>
                        <FieldRef>ERROR_COUNT</FieldRef>
                        <FieldRef>SCORE</FieldRef>
                        <FieldRef>EXEC_SEQ</FieldRef>
                        <FieldDataType>DATETIME</FieldDataType>
                        <FieldDataType>STRING</FieldDataType>
                        <FieldDataType>STRING</FieldDataType>
                        <FieldDataType>INTEGER</FieldDataType>
                        <FieldDataType>INTEGER</FieldDataType>
                        <FieldDataType>INTEGER</FieldDataType>
                        <FieldDataType>INTEGER</FieldDataType>
                        <FieldDataType>INTEGER</FieldDataType>
                        <FieldDataType>FLOATINGPOINT</FieldDataType>
                        <FieldDataType>INTEGER</FieldDataType>
                        <EncryptField>false</EncryptField>
                        <EncryptField>false</EncryptField>
                        <EncryptField>false</EncryptField>
                        <EncryptField>false</EncryptField>
                        <EncryptField>false</EncryptField>
                        <EncryptField>false</EncryptField>
                        <EncryptField>false</EncryptField>
                        <EncryptField>false</EncryptField>
                        <EncryptField>false</EncryptField>
                        <EncryptField>false</EncryptField>
                    </NestedFields>
                    <EncryptField>false</EncryptField>
                    <EncryptField>false</EncryptField>
                    <EncryptField>false</EncryptField>
                </SelectFields>
                <Script>output.ASSET_TYPE_UID = input.ASSET_TYPE_UID;
var payload = [];

for (var i=0; i&lt;input.Left.length; i++)
{
  var payloadEntry = {};
  payloadEntry.Uid = input.Left[i].ASSET_UID;
  payloadEntry.Fields = {};
  
  var html = '';
  html += '&lt;table style=\"table-layout: auto; width: auto\"&gt;';
  html += '&lt;tr style=\"background-color: #252c41; color: #ffffff\"&gt;';
  html += '&lt;td style=\"padding-right: 15px; padding-left: 15px; padding-top: 5px; padding-bottom: 5px; text-align: left\"&gt;&lt;b&gt;Scoring Date&lt;/b&gt;&lt;/td&gt;';
  html += '&lt;td style=\"padding-right: 15px; padding-left: 15px; padding-top: 5px; padding-bottom: 5px; text-align: right\"&gt;&lt;b&gt;Version&lt;/b&gt;&lt;/td&gt;';
  html += '&lt;td style=\"padding-right: 15px; padding-left: 15px; padding-top: 5px; padding-bottom: 5px; text-align: right\"&gt;&lt;b&gt;DQ Score(%)&lt;/b&gt;&lt;/td&gt;';
  html += '&lt;td style=\"padding-right: 15px; padding-left: 15px; padding-top: 5px; padding-bottom: 5px; text-align: right\"&gt;&lt;b&gt;Passed Count&lt;/b&gt;&lt;/td&gt;';
  html += '&lt;td style=\"padding-right: 15px; padding-left: 15px; padding-top: 5px; padding-bottom: 5px; text-align: right\"&gt;&lt;b&gt;Failed Count&lt;/b&gt;&lt;/td&gt;';
  html += '&lt;td style=\"padding-right: 15px; padding-left: 15px; padding-top: 5px; padding-bottom: 5px; text-align: right\"&gt;&lt;b&gt;Skipped Count&lt;/b&gt;&lt;/td&gt;';
  html += '&lt;td style=\"padding-right: 15px; padding-left: 15px; padding-top: 5px; padding-bottom: 5px; text-align: right\"&gt;&lt;b&gt;Error Count&lt;/b&gt;&lt;/td&gt;';  
  html += '&lt;td style=\"padding-right: 15px; padding-left: 15px; padding-top: 5px; padding-bottom: 5px; text-align: right\"&gt;&lt;b&gt;Total Count&lt;/b&gt;&lt;/td&gt;'; 
  html += '&lt;/tr&gt;';   
  
  for (var j=0; j&lt;input.Right.length; j++)
  {
    if (input.Left[i].ASSET_UID==input.Right[j].ASSET_UID)
    {
      html += '&lt;tr style=\"background-color: #f7f7f7\"&gt;'; 
      html += '&lt;td style=\"padding-right: 15px; padding-left: 15px; padding-top: 5px; padding-bottom: 5px; text-align: right\"&gt;'+input.Right[j].RUN_TIMESTAMP+'&lt;/td&gt;'; 
      html += '&lt;td style=\"padding-right: 15px; padding-left: 15px; padding-top: 5px; padding-bottom: 5px; text-align: right\"&gt;1.0&lt;/b&gt;&lt;/td&gt;'; 
      html += '&lt;td style=\"padding-right: 15px; padding-left: 15px; padding-top: 5px; padding-bottom: 5px; text-align: right\"&gt;'+input.Right[j].SCORE+'&lt;/td&gt;'; 
      html += '&lt;td style=\"padding-right: 15px; padding-left: 15px; padding-top: 5px; padding-bottom: 5px; text-align: right\"&gt;'+input.Right[j].PASS_COUNT+'&lt;/td&gt;'; 
      html += '&lt;td style=\"padding-right: 15px; padding-left: 15px; padding-top: 5px; padding-bottom: 5px; text-align: right\"&gt;'+input.Right[j].FAIL_COUNT+'&lt;/td&gt;'; 
      html += '&lt;td style=\"padding-right: 15px; padding-left: 15px; padding-top: 5px; padding-bottom: 5px; text-align: right\"&gt;'+input.Right[j].SKIP_COUNT+'&lt;/td&gt;'; 
      html += '&lt;td style=\"padding-right: 15px; padding-left: 15px; padding-top: 5px; padding-bottom: 5px; text-align: right\"&gt;'+input.Right[j].ERROR_COUNT+'&lt;/td&gt;'; 
      html += '&lt;td style=\"padding-right: 15px; padding-left: 15px; padding-top: 5px; padding-bottom: 5px; text-align: right\"&gt;'+input.Right[j].ROW_COUNT+'&lt;/td&gt;'; 
      html += '&lt;/tr&gt;';       
    } 
  } 
	html += '&lt;/table&gt;&lt;br/&gt;'; 
	payloadEntry.Fields.DQResults = html;
	payload.push(payloadEntry);    
}  
output.Payload = JSON.stringify(payload);</Script>
                <ScriptInputFields>
                    <FieldRef>ASSET_TYPE_UID</FieldRef>
                    <FieldRef>Left</FieldRef>
                    <FieldRef>Right</FieldRef>
                    <FieldDataType>STRING</FieldDataType>
                    <FieldDataType>ARRAY</FieldDataType>
                    <FieldDataType>ARRAY</FieldDataType>
                    <NestedFields>
                        <FieldRef>ASSET_TYPE_UID</FieldRef>
                        <FieldRef>ASSET_UID</FieldRef>
                        <FieldDataType>STRING</FieldDataType>
                        <FieldDataType>STRING</FieldDataType>
                        <EncryptField>false</EncryptField>
                        <EncryptField>false</EncryptField>
                    </NestedFields>
                    <NestedFields>
                        <FieldRef>RUN_TIMESTAMP</FieldRef>
                        <FieldRef>ASSET_TYPE_UID</FieldRef>
                        <FieldRef>ASSET_UID</FieldRef>
                        <FieldRef>ROW_COUNT</FieldRef>
                        <FieldRef>PASS_COUNT</FieldRef>
                        <FieldRef>FAIL_COUNT</FieldRef>
                        <FieldRef>SKIP_COUNT</FieldRef>
                        <FieldRef>ERROR_COUNT</FieldRef>
                        <FieldRef>SCORE</FieldRef>
                        <FieldRef>EXEC_SEQ</FieldRef>
                        <FieldDataType>DATETIME</FieldDataType>
                        <FieldDataType>STRING</FieldDataType>
                        <FieldDataType>STRING</FieldDataType>
                        <FieldDataType>INTEGER</FieldDataType>
                        <FieldDataType>INTEGER</FieldDataType>
                        <FieldDataType>INTEGER</FieldDataType>
                        <FieldDataType>INTEGER</FieldDataType>
                        <FieldDataType>INTEGER</FieldDataType>
                        <FieldDataType>DECIMAL</FieldDataType>
                        <FieldDataType>INTEGER</FieldDataType>
                        <EncryptField>false</EncryptField>
                        <EncryptField>false</EncryptField>
                        <EncryptField>false</EncryptField>
                        <EncryptField>false</EncryptField>
                        <EncryptField>false</EncryptField>
                        <EncryptField>false</EncryptField>
                        <EncryptField>false</EncryptField>
                        <EncryptField>false</EncryptField>
                        <EncryptField>false</EncryptField>
                        <EncryptField>false</EncryptField>
                    </NestedFields>
                    <EncryptField>false</EncryptField>
                    <EncryptField>false</EncryptField>
                    <EncryptField>false</EncryptField>
                </ScriptInputFields>
                <ScriptOutputFields>
                    <FieldRef>ASSET_TYPE_UID</FieldRef>
                    <FieldRef>Payload</FieldRef>
                    <FieldDataType>STRING</FieldDataType>
                    <FieldDataType>STRING</FieldDataType>
                    <EncryptField>false</EncryptField>
                    <EncryptField>false</EncryptField>
                </ScriptOutputFields>
                <OutputFields>
                    <FieldRef>ASSET_TYPE_UID</FieldRef>
                    <FieldRef>Payload</FieldRef>
                    <FieldDataType>STRING</FieldDataType>
                    <FieldDataType>STRING</FieldDataType>
                    <EncryptField>false</EncryptField>
                    <EncryptField>false</EncryptField>
                </OutputFields>
            </ScriptDef>
        </OperationsDef>
        <OutputsDef>
            <OutputDef id="script2.output" from="script2.script" passthru="true" decryptSecuredValues="false"/>
        </OutputsDef>
    </PipelineDef>
    <PipelineDef id="restApiCall">
        <InputsDef>
            <InputDef id="restApiCall.input" fromOutputId="script2.output"/>
        </InputsDef>
        <OperationsDef>
            <RestApiDef httpMethod="PUT" requestBodyContentType="application/json" responseBodyContentTypeFieldName="contentType" responseBodyFieldName="body" responseStatusFieldName="status" callType="CALL_TYPE_SIMPLE" pagingVariableInitialValue="1" pagingVariableIncrement="1" from="restApiCall.input" id="restApiCall" countOutput="true">
                <SelectFields>
                    <FieldRef>ASSET_TYPE_UID</FieldRef>
                    <FieldRef>Payload</FieldRef>
                    <FieldRef>status</FieldRef>
                    <FieldRef>body</FieldRef>
                    <FieldRef>contentType</FieldRef>
                    <FieldDataType>STRING</FieldDataType>
                    <FieldDataType>STRING</FieldDataType>
                    <FieldDataType>INTEGER</FieldDataType>
                    <FieldDataType>STRING</FieldDataType>
                    <FieldDataType>STRING</FieldDataType>
                </SelectFields>
                <URI>${governURL}/api/v2/assets/batch/${ASSET_TYPE_UID}</URI>
                <AuthSpec authType=""/>
                <ProxyURI></ProxyURI>
                <HttpHeader name="Accept" value="application/json"/>
                <HttpHeader name="Authorization" value="${governAuth}"/>
                <RequestBody>${Payload}</RequestBody>
                <pagingScript></pagingScript>
            </RestApiDef>
        </OperationsDef>
        <OutputsDef>
            <OutputDef id="restApiCall.output" from="restApiCall" passthru="true" decryptSecuredValues="false"/>
        </OutputsDef>
    </PipelineDef>
    <PipelineDef id="script">
        <InputsDef>
            <InputDef id="script.input" fromOutputId="restApiCall.output"/>
        </InputsDef>
        <OperationsDef>
            <ScriptDef mimeType="text/javascript" from="script.input" id="script.script" countOutput="true">
                <SelectFields>
                    <FieldRef>ASSET_TYPE_UID</FieldRef>
                    <FieldRef>Payload</FieldRef>
                    <FieldRef>status</FieldRef>
                    <FieldRef>body</FieldRef>
                    <FieldRef>contentType</FieldRef>
                    <FieldDataType>STRING</FieldDataType>
                    <FieldDataType>STRING</FieldDataType>
                    <FieldDataType>INTEGER</FieldDataType>
                    <FieldDataType>STRING</FieldDataType>
                    <FieldDataType>STRING</FieldDataType>
                    <EncryptField>false</EncryptField>
                    <EncryptField>false</EncryptField>
                    <EncryptField>false</EncryptField>
                    <EncryptField>false</EncryptField>
                    <EncryptField>false</EncryptField>
                </SelectFields>
                <Script>output.ASSET_TYPE_UID = input.ASSET_TYPE_UID;
try {
	var obj = JSON.parse(input.body);
  	output.EXECUTION_ID=obj.ExecutionID;
  	output.MESSAGE=obj.Message;
}
  catch(err)
  {
    output.EXECUTION_ID=null;
    output.MESSAGE='Error while submitting batch to Govern';
    }
output.DUMMY=1;</Script>
                <ScriptInputFields>
                    <FieldRef>ASSET_TYPE_UID</FieldRef>
                    <FieldRef>Payload</FieldRef>
                    <FieldRef>status</FieldRef>
                    <FieldRef>body</FieldRef>
                    <FieldRef>contentType</FieldRef>
                    <FieldDataType>STRING</FieldDataType>
                    <FieldDataType>STRING</FieldDataType>
                    <FieldDataType>INTEGER</FieldDataType>
                    <FieldDataType>STRING</FieldDataType>
                    <FieldDataType>STRING</FieldDataType>
                    <EncryptField>false</EncryptField>
                    <EncryptField>false</EncryptField>
                    <EncryptField>false</EncryptField>
                    <EncryptField>false</EncryptField>
                    <EncryptField>false</EncryptField>
                </ScriptInputFields>
                <ScriptOutputFields>
                    <FieldRef>ASSET_TYPE_UID</FieldRef>
                    <FieldRef>EXECUTION_ID</FieldRef>
                    <FieldRef>MESSAGE</FieldRef>
                    <FieldRef>DUMMY</FieldRef>
                    <FieldDataType>STRING</FieldDataType>
                    <FieldDataType>STRING</FieldDataType>
                    <FieldDataType>STRING</FieldDataType>
                    <FieldDataType>INTEGER</FieldDataType>
                    <EncryptField>false</EncryptField>
                    <EncryptField>false</EncryptField>
                    <EncryptField>false</EncryptField>
                    <EncryptField>false</EncryptField>
                </ScriptOutputFields>
                <OutputFields>
                    <FieldRef>ASSET_TYPE_UID</FieldRef>
                    <FieldRef>EXECUTION_ID</FieldRef>
                    <FieldRef>MESSAGE</FieldRef>
                    <FieldRef>DUMMY</FieldRef>
                    <FieldDataType>STRING</FieldDataType>
                    <FieldDataType>STRING</FieldDataType>
                    <FieldDataType>STRING</FieldDataType>
                    <FieldDataType>INTEGER</FieldDataType>
                    <EncryptField>false</EncryptField>
                    <EncryptField>false</EncryptField>
                    <EncryptField>false</EncryptField>
                    <EncryptField>false</EncryptField>
                </OutputFields>
            </ScriptDef>
        </OperationsDef>
        <OutputsDef>
            <OutputDef id="script.output" from="script.script" passthru="true" decryptSecuredValues="false"/>
        </OutputsDef>
    </PipelineDef>
    <PipelineDef id="group">
        <InputsDef>
            <InputDef id="group.input" fromOutputId="script.output"/>
        </InputsDef>
        <OperationsDef>
            <GroupDef recordFieldName="Result" from="group.input" id="group.group" countOutput="true">
                <SelectFields>
                    <FieldRef>ASSET_TYPE_UID</FieldRef>
                    <FieldRef>EXECUTION_ID</FieldRef>
                    <FieldRef>MESSAGE</FieldRef>
                    <FieldRef>DUMMY</FieldRef>
                    <FieldDataType>STRING</FieldDataType>
                    <FieldDataType>STRING</FieldDataType>
                    <FieldDataType>STRING</FieldDataType>
                    <FieldDataType>INTEGER</FieldDataType>
                </SelectFields>
                <GroupFields>
                    <FieldRef>DUMMY</FieldRef>
                    <FieldDataType>INTEGER</FieldDataType>
                </GroupFields>
                <OutputFields>
                    <FieldRef>ASSET_TYPE_UID</FieldRef>
                    <FieldRef>EXECUTION_ID</FieldRef>
                    <FieldRef>MESSAGE</FieldRef>
                    <FieldDataType>STRING</FieldDataType>
                    <FieldDataType>STRING</FieldDataType>
                    <FieldDataType>STRING</FieldDataType>
                </OutputFields>
            </GroupDef>
        </OperationsDef>
        <OutputsDef>
            <OutputDef id="group.output" from="group.group" passthru="true" decryptSecuredValues="false"/>
        </OutputsDef>
    </PipelineDef>
    <PipelineDef id="script3">
        <InputsDef>
            <InputDef id="script3.input" fromOutputId="group.output"/>
        </InputsDef>
        <OperationsDef>
            <ScriptDef mimeType="text/javascript" from="script3.input" id="script3.script" countOutput="true">
                <SelectFields>
                    <FieldRef>DUMMY</FieldRef>
                    <FieldRef>Result</FieldRef>
                    <FieldDataType>INTEGER</FieldDataType>
                    <FieldDataType>ARRAY</FieldDataType>
                    <NestedFields>
                        <FieldRef>ASSET_TYPE_UID</FieldRef>
                        <FieldRef>EXECUTION_ID</FieldRef>
                        <FieldRef>MESSAGE</FieldRef>
                        <FieldDataType>STRING</FieldDataType>
                        <FieldDataType>STRING</FieldDataType>
                        <FieldDataType>STRING</FieldDataType>
                        <EncryptField>false</EncryptField>
                        <EncryptField>false</EncryptField>
                        <EncryptField>false</EncryptField>
                    </NestedFields>
                    <EncryptField>false</EncryptField>
                    <EncryptField>false</EncryptField>
                </SelectFields>
                <Script>var EXECUTION_ID_LIST='';
var FAILED_ASSET_TYPE_UID='';

for (var i=0; i&lt;input.Result.length; i++)
{
  if (!ISBLANK(input.Result[i].EXECUTION_ID))
      {
        if (!ISBLANK(EXECUTION_ID_LIST))
        {
          EXECUTION_ID_LIST += ',';
        } 
      	EXECUTION_ID_LIST += input.Result[i].EXECUTION_ID;        
      }
  if (ISBLANK(input.Result[i].EXECUTION_ID))
      {
        if (!ISBLANK(FAILED_ASSET_TYPE_UID))
        {
          FAILED_ASSET_TYPE_UID += ',';
        } 
      	FAILED_ASSET_TYPE_UID += input.Result[i].ASSET_TYPE_UID;
      }  
}
output.EXECUTION_ID_LIST=(EXECUTION_ID_LIST);
output.FAILED_ASSET_TYPE_UID=FAILED_ASSET_TYPE_UID;

</Script>
                <ScriptInputFields>
                    <FieldRef>DUMMY</FieldRef>
                    <FieldRef>Result</FieldRef>
                    <FieldDataType>INTEGER</FieldDataType>
                    <FieldDataType>ARRAY</FieldDataType>
                    <NestedFields>
                        <FieldRef>ASSET_TYPE_UID</FieldRef>
                        <FieldRef>EXECUTION_ID</FieldRef>
                        <FieldRef>MESSAGE</FieldRef>
                        <FieldDataType>STRING</FieldDataType>
                        <FieldDataType>STRING</FieldDataType>
                        <FieldDataType>STRING</FieldDataType>
                        <EncryptField>false</EncryptField>
                        <EncryptField>false</EncryptField>
                        <EncryptField>false</EncryptField>
                    </NestedFields>
                    <EncryptField>false</EncryptField>
                    <EncryptField>false</EncryptField>
                </ScriptInputFields>
                <ScriptOutputFields>
                    <FieldRef>EXECUTION_ID_LIST</FieldRef>
                    <FieldRef>FAILED_ASSET_TYPE_UID</FieldRef>
                    <FieldDataType>STRING</FieldDataType>
                    <FieldDataType>STRING</FieldDataType>
                    <EncryptField>false</EncryptField>
                    <EncryptField>false</EncryptField>
                </ScriptOutputFields>
                <OutputFields>
                    <FieldRef>EXECUTION_ID_LIST</FieldRef>
                    <FieldRef>FAILED_ASSET_TYPE_UID</FieldRef>
                    <FieldDataType>STRING</FieldDataType>
                    <FieldDataType>STRING</FieldDataType>
                    <EncryptField>false</EncryptField>
                    <EncryptField>false</EncryptField>
                </OutputFields>
            </ScriptDef>
        </OperationsDef>
        <OutputsDef>
            <OutputDef id="script3.output" from="script3.script" passthru="true" decryptSecuredValues="false"/>
        </OutputsDef>
    </PipelineDef>
    <PipelineDef id="customCompletionStatus">
        <InputsDef>
            <InputDef id="customCompletionStatus.input" fromOutputId="script3.output"/>
        </InputsDef>
        <OperationsDef/>
        <OutputsDef>
            <OutputDef id="customCompletionStatus.output" from="customCompletionStatus.input" passthru="false" decryptSecuredValues="false">
                <CustomCompletionStatus/>
            </OutputDef>
        </OutputsDef>
    </PipelineDef>
    <PipelineDef id="dataStore2">
        <InputsDef>
            <InputDef id="dataStore2.input">
                <DataStoreRef name="5ed5429e03344c608fbdac09efdfc973" owningMemberId="1020" dataLoadRange="ALL">
                    <SourceFilter/>
                </DataStoreRef>
            </InputDef>
        </InputsDef>
        <OperationsDef>
            <SelectDef from="dataStore2.input" id="dataStore2.select" countOutput="false">
                <SelectFields>
                    <FieldRef>Dummy</FieldRef>
                    <FieldDataType>STRING</FieldDataType>
                </SelectFields>
            </SelectDef>
        </OperationsDef>
        <OutputsDef>
            <OutputDef id="dataStore2.output" from="dataStore2.select" passthru="true" decryptSecuredValues="false"/>
        </OutputsDef>
    </PipelineDef>
    <PipelineDef id="sql">
        <InputsDef>
            <InputDef id="sql.input" fromOutputId="dataStore2.output"/>
        </InputsDef>
        <OperationsDef>
            <SqlDef id="sql.sql" countOutput="true">
                <SourceDef name="X" from="sql.input">
                    <InputFields>
                        <FieldRef>Dummy</FieldRef>
                        <FieldDataType>STRING</FieldDataType>
                        <EncryptField>false</EncryptField>
                    </InputFields>
                </SourceDef>
                <Sql>SELECT 'X' AS Dummy</Sql>
                <OutputFields>
                    <FieldRef>Dummy</FieldRef>
                    <FieldDataType>STRING</FieldDataType>
                    <NestedFields xmlns:xsi="http://www.w3.org/2001/XMLSchema-instance" xsi:nil="true"/>
                    <EncryptField>false</EncryptField>
                </OutputFields>
            </SqlDef>
        </OperationsDef>
        <OutputsDef>
            <OutputDef id="sql.output" from="sql.sql" passthru="true" decryptSecuredValues="false"/>
        </OutputsDef>
    </PipelineDef>
    <PipelineDef id="sql2">
        <InputsDef>
            <InputDef id="sql2.input" fromOutputId="sql.output"/>
        </InputsDef>
        <OperationsDef>
            <SqlDef id="sql2.sql" countOutput="true">
                <SourceDef name="X" from="sql2.input">
                    <InputFields>
                        <FieldRef>Dummy</FieldRef>
                        <FieldDataType>STRING</FieldDataType>
                        <EncryptField>false</EncryptField>
                    </InputFields>
                </SourceDef>
                <Sql>SELECT
	CURRENT_TIMESTAMP() AS RUN_TIMESTAMP,
	'8f654a9d-51b8-4df9-b271-9d85ad539b29' AS ASSET_TYPE_UID,
	'705d7844-e46d-49de-9a59-c1e6cf85d523' AS ASSET_UID,
	100 AS ROW_COUNT,
	95 AS PASS_COUNT,
	5 AS FAIL_COUNT,
	0 AS SKIP_COUNT,
	5 AS ERROR_COUNT,
	80 AS SCORE	
FROM X
UNION
SELECT
	CURRENT_TIMESTAMP() AS RUN_TIMESTAMP,
	'8f654a9d-51b8-4df9-b271-9d85ad539b29' AS ASSET_TYPE_UID,
	'705d7844-e46d-49de-9a59-c1e6cf85d523' AS ASSET_UID,
	100 AS ROW_COUNT,
	92 AS PASS_COUNT,
	8 AS FAIL_COUNT,
	0 AS SKIP_COUNT,
	8 AS ERROR_COUNT,
	70 AS SCORE	
FROM X
UNION
SELECT
	CURRENT_TIMESTAMP() AS RUN_TIMESTAMP,
	'4e42def0-c737-47ed-a98f-0a30977d6a9f' AS ASSET_TYPE_UID,
	'd1557a62-11e7-4f82-9fe2-e591ca1fda64' AS ASSET_UID,
	100 AS ROW_COUNT,
	95 AS PASS_COUNT,
	5 AS FAIL_COUNT,
	0 AS SKIP_COUNT,
	5 AS ERROR_COUNT,
	80 AS SCORE	
FROM X
UNION
SELECT
	CURRENT_TIMESTAMP() AS RUN_TIMESTAMP,
	'4e42def0-c737-47ed-a98f-0a30977d6a9f' AS ASSET_TYPE_UID,
	'd1557a62-11e7-4f82-9fe2-e591ca1fda64' AS ASSET_UID,
	100 AS ROW_COUNT,
	93 AS PASS_COUNT,
	7 AS FAIL_COUNT,
	0 AS SKIP_COUNT,
	7 AS ERROR_COUNT,
	70 AS SCORE	
FROM X</Sql>
                <OutputFields>
                    <FieldRef>RUN_TIMESTAMP</FieldRef>
                    <FieldRef>ASSET_TYPE_UID</FieldRef>
                    <FieldRef>ASSET_UID</FieldRef>
                    <FieldRef>ROW_COUNT</FieldRef>
                    <FieldRef>PASS_COUNT</FieldRef>
                    <FieldRef>FAIL_COUNT</FieldRef>
                    <FieldRef>SKIP_COUNT</FieldRef>
                    <FieldRef>ERROR_COUNT</FieldRef>
                    <FieldRef>SCORE</FieldRef>
                    <FieldDataType>DATETIME</FieldDataType>
                    <FieldDataType>STRING</FieldDataType>
                    <FieldDataType>STRING</FieldDataType>
                    <FieldDataType>INTEGER</FieldDataType>
                    <FieldDataType>INTEGER</FieldDataType>
                    <FieldDataType>INTEGER</FieldDataType>
                    <FieldDataType>INTEGER</FieldDataType>
                    <FieldDataType>INTEGER</FieldDataType>
                    <FieldDataType>DECIMAL</FieldDataType>
                    <NestedFields xmlns:xsi="http://www.w3.org/2001/XMLSchema-instance" xsi:nil="true"/>
                    <NestedFields xmlns:xsi="http://www.w3.org/2001/XMLSchema-instance" xsi:nil="true"/>
                    <NestedFields xmlns:xsi="http://www.w3.org/2001/XMLSchema-instance" xsi:nil="true"/>
                    <NestedFields xmlns:xsi="http://www.w3.org/2001/XMLSchema-instance" xsi:nil="true"/>
                    <NestedFields xmlns:xsi="http://www.w3.org/2001/XMLSchema-instance" xsi:nil="true"/>
                    <NestedFields xmlns:xsi="http://www.w3.org/2001/XMLSchema-instance" xsi:nil="true"/>
                    <NestedFields xmlns:xsi="http://www.w3.org/2001/XMLSchema-instance" xsi:nil="true"/>
                    <NestedFields xmlns:xsi="http://www.w3.org/2001/XMLSchema-instance" xsi:nil="true"/>
                    <NestedFields xmlns:xsi="http://www.w3.org/2001/XMLSchema-instance" xsi:nil="true"/>
                    <EncryptField>false</EncryptField>
                    <EncryptField>false</EncryptField>
                    <EncryptField>false</EncryptField>
                    <EncryptField>false</EncryptField>
                    <EncryptField>false</EncryptField>
                    <EncryptField>false</EncryptField>
                    <EncryptField>false</EncryptField>
                    <EncryptField>false</EncryptField>
                    <EncryptField>false</EncryptField>
                </OutputFields>
            </SqlDef>
        </OperationsDef>
        <OutputsDef>
            <OutputDef id="sql2.output" from="sql2.sql" passthru="true" decryptSecuredValues="false"/>
        </OutputsDef>
    </PipelineDef>
</ExecutionModel>
