<?xml version="1.0" encoding="UTF-8" standalone="yes"?>
<ExecutionModel xmlns="com/infogix/component/executionengine/export/fdt" id="8cdcb30236104828845d9d8ac9952353_exec">
    <OptionsDef logLimit="100" cacheOperationOutput="true" cacheResourceIntensiveOperationOutput="false" countOperationOutput="true"/>
    <PipelineDef id="dataStore">
        <InputsDef>
            <InputDef id="dataStore.input">
                <DataStoreRef name="dd113d14e5f54441ac5cf597fd5676df" owningMemberId="1020" dataLoadRange="ALL">
                    <SourceFilter/>
                </DataStoreRef>
            </InputDef>
        </InputsDef>
        <OperationsDef>
            <SelectDef from="dataStore.input" id="dataStore.select" countOutput="false">
                <SelectFields>
                    <FieldRef>RUN_DATE</FieldRef>
                    <FieldRef>START_TS</FieldRef>
                    <FieldRef>END_TS</FieldRef>
                    <FieldRef>SCORING_RUN_TS</FieldRef>
                    <FieldRef>IGX_SYSTEM_RECORD_VERSION</FieldRef>
                    <FieldRef>IGX_SYSTEM_CREATED_TS</FieldRef>
                    <FieldRef>IGX_PROCESS_ID</FieldRef>
                    <FieldRef>IGX_WORK_ID</FieldRef>
                    <FieldRef>ERROR_MSG</FieldRef>
                    <FieldDataType>DATETIME</FieldDataType>
                    <FieldDataType>DATETIME</FieldDataType>
                    <FieldDataType>DATETIME</FieldDataType>
                    <FieldDataType>DATETIME</FieldDataType>
                    <FieldDataType>BIGINTEGER</FieldDataType>
                    <FieldDataType>DATETIME</FieldDataType>
                    <FieldDataType>STRING</FieldDataType>
                    <FieldDataType>STRING</FieldDataType>
                    <FieldDataType>STRING</FieldDataType>
                </SelectFields>
            </SelectDef>
        </OperationsDef>
        <OutputsDef>
            <OutputDef id="dataStore.output" from="dataStore.select" passthru="true" decryptSecuredValues="false"/>
        </OutputsDef>
    </PipelineDef>
    <PipelineDef id="filter">
        <InputsDef>
            <InputDef id="filter.input" fromOutputId="dataStore.output"/>
        </InputsDef>
        <OperationsDef>
            <FilterDef from="filter.input" id="filter.filter" countOutput="true">
                <ExpressionDef lang="formula" expression="RUN_DATE = RUNTIME('PM_CURRENT_TS')"/>
            </FilterDef>
            <ComputeDef from="filter.filter" id="filter.compute1" countOutput="false">
                <ComputedField>FAILED_ASSET_TYPE_UID_LIST</ComputedField>
                <ComputedFieldDataType>STRING</ComputedFieldDataType>
                <ExpressionDef lang="formula" expression="IF(!ISNULL(RUNTIME('FAILED_ASSET_TYPE_UID')) &amp;&amp; !ISBLANK(RUNTIME('FAILED_ASSET_TYPE_UID')),CONCATENATE('DQ results of Asset Type UIDs  - ',RUNTIME('FAILED_ASSET_TYPE_UID'),' could not be submitted.'),NULLF())"/>
            </ComputeDef>
            <ComputeDef from="filter.compute1" id="filter.compute2" countOutput="false">
                <ComputedField>FAILED_ASSET_UID_LIST</ComputedField>
                <ComputedFieldDataType>STRING</ComputedFieldDataType>
                <ExpressionDef lang="formula" expression="IF(RUNTIME('FAILED_ASSET_UID_LIST')&lt;&gt;'-' &amp;&amp; !ISBLANK(RUNTIME('FAILED_ASSET_UID_LIST')),CONCATENATE('DQ results of one/many Assets of Asset Type UIDs  - ',RUNTIME('FAILED_ASSET_UID_LIST'),' could not be posted in Govern.'),NULLF())"/>
            </ComputeDef>
        </OperationsDef>
        <OutputsDef>
            <OutputDef id="filter.output" from="filter.compute2" passthru="true" decryptSecuredValues="false"/>
        </OutputsDef>
    </PipelineDef>
    <PipelineDef id="select">
        <InputsDef>
            <InputDef id="select.input" fromOutputId="filter.output"/>
        </InputsDef>
        <OperationsDef>
            <SelectDef from="select.input" id="select.select" countOutput="true">
                <SelectFields>
                    <FieldRef>RUN_DATE</FieldRef>
                    <FieldRef>START_TS</FieldRef>
                    <FieldRef>SCORING_RUN_TS</FieldRef>
                    <FieldRef>IGX_PROCESS_ID</FieldRef>
                    <FieldRef>IGX_WORK_ID</FieldRef>
                    <FieldRef>IGX_SYSTEM_RECORD_VERSION</FieldRef>
                    <FieldRef>FAILED_ASSET_TYPE_UID_LIST</FieldRef>
                    <FieldRef>FAILED_ASSET_UID_LIST</FieldRef>
                    <FieldDataType>DATETIME</FieldDataType>
                    <FieldDataType>DATETIME</FieldDataType>
                    <FieldDataType>DATETIME</FieldDataType>
                    <FieldDataType>STRING</FieldDataType>
                    <FieldDataType>STRING</FieldDataType>
                    <FieldDataType>BIGINTEGER</FieldDataType>
                    <FieldDataType>STRING</FieldDataType>
                    <FieldDataType>STRING</FieldDataType>
                    <EncryptField>false</EncryptField>
                    <EncryptField>false</EncryptField>
                    <EncryptField>false</EncryptField>
                    <EncryptField>false</EncryptField>
                    <EncryptField>false</EncryptField>
                    <EncryptField>false</EncryptField>
                    <EncryptField>false</EncryptField>
                    <EncryptField>false</EncryptField>
                </SelectFields>
            </SelectDef>
            <ComputeDef from="select.select" id="select.compute1" countOutput="false">
                <ComputedField>END_TIMES</ComputedField>
                <ComputedFieldDataType>DATETIME</ComputedFieldDataType>
                <ExpressionDef lang="formula" expression="CURRENT_TIMESTAMP()"/>
            </ComputeDef>
            <ComputeDef from="select.compute1" id="select.compute2" countOutput="false">
                <ComputedField>NEW_REC_VERSION</ComputedField>
                <ComputedFieldDataType>BIGINTEGER</ComputedFieldDataType>
                <ExpressionDef lang="formula" expression="IGX_SYSTEM_RECORD_VERSION+1"/>
            </ComputeDef>
            <ComputeDef from="select.compute2" id="select.compute3" countOutput="false">
                <ComputedField>ERROR_DESC</ComputedField>
                <ComputedFieldDataType>STRING</ComputedFieldDataType>
                <ExpressionDef lang="formula" expression="CONCATENATE(RUNTIME('NO_RESPONSE_ERR_MSG'),FAILED_ASSET_TYPE_UID_LIST,FAILED_ASSET_UID_LIST)"/>
            </ComputeDef>
            <ComputeDef from="select.compute3" id="select.compute4" countOutput="false">
                <ComputedField>CREATED_TS</ComputedField>
                <ComputedFieldDataType>DATETIME</ComputedFieldDataType>
                <ExpressionDef lang="formula" expression="CURRENT_TIMESTAMP()"/>
            </ComputeDef>
        </OperationsDef>
        <OutputsDef>
            <OutputDef id="select.output" from="select.compute4" passthru="true" decryptSecuredValues="false"/>
        </OutputsDef>
    </PipelineDef>
    <PipelineDef id="dataStoreOutput">
        <InputsDef>
            <InputDef id="dataStoreOutput.input" fromOutputId="select.output"/>
        </InputsDef>
        <OperationsDef>
            <RenameDef from="dataStoreOutput.input" id="dataStoreOutput.rename" countOutput="false">
                <FromFields>
                    <FieldRef>RUN_DATE</FieldRef>
                    <FieldRef>START_TS</FieldRef>
                    <FieldRef>SCORING_RUN_TS</FieldRef>
                    <FieldRef>IGX_PROCESS_ID</FieldRef>
                    <FieldRef>IGX_WORK_ID</FieldRef>
                    <FieldRef>END_TIMES</FieldRef>
                    <FieldRef>NEW_REC_VERSION</FieldRef>
                    <FieldRef>ERROR_DESC</FieldRef>
                    <FieldRef>CREATED_TS</FieldRef>
                </FromFields>
                <ToFields>
                    <FieldRef>RUN_DATE</FieldRef>
                    <FieldRef>START_TS</FieldRef>
                    <FieldRef>SCORING_RUN_TS</FieldRef>
                    <FieldRef>IGX_PROCESS_ID</FieldRef>
                    <FieldRef>IGX_WORK_ID</FieldRef>
                    <FieldRef>END_TS</FieldRef>
                    <FieldRef>IGX_SYSTEM_RECORD_VERSION</FieldRef>
                    <FieldRef>ERROR_MSG</FieldRef>
                    <FieldRef>IGX_SYSTEM_CREATED_TS</FieldRef>
                </ToFields>
                <OutputFields>
                    <FieldRef>RUN_DATE</FieldRef>
                    <FieldRef>START_TS</FieldRef>
                    <FieldRef>SCORING_RUN_TS</FieldRef>
                    <FieldRef>IGX_PROCESS_ID</FieldRef>
                    <FieldRef>IGX_WORK_ID</FieldRef>
                    <FieldRef>END_TS</FieldRef>
                    <FieldRef>IGX_SYSTEM_RECORD_VERSION</FieldRef>
                    <FieldRef>ERROR_MSG</FieldRef>
                    <FieldRef>IGX_SYSTEM_CREATED_TS</FieldRef>
                </OutputFields>
            </RenameDef>
        </OperationsDef>
        <OutputsDef>
            <OutputDef id="dataStoreOutput.output" from="dataStoreOutput.rename" passthru="false" maxNumOutputPartitions="1" decryptSecuredValues="false">
                <DataStoreRef name="dd113d14e5f54441ac5cf597fd5676df" owningMemberId="1020">
                    <FieldsToUpdate>
                        <FieldRef>RUN_DATE</FieldRef>
                        <FieldRef>START_TS</FieldRef>
                        <FieldRef>SCORING_RUN_TS</FieldRef>
                        <FieldRef>IGX_PROCESS_ID</FieldRef>
                        <FieldRef>IGX_WORK_ID</FieldRef>
                        <FieldRef>END_TS</FieldRef>
                        <FieldRef>IGX_SYSTEM_RECORD_VERSION</FieldRef>
                        <FieldRef>ERROR_MSG</FieldRef>
                        <FieldRef>IGX_SYSTEM_CREATED_TS</FieldRef>
                        <FieldDataType>DATETIME</FieldDataType>
                        <FieldDataType>DATETIME</FieldDataType>
                        <FieldDataType>DATETIME</FieldDataType>
                        <FieldDataType>STRING</FieldDataType>
                        <FieldDataType>STRING</FieldDataType>
                        <FieldDataType>DATETIME</FieldDataType>
                        <FieldDataType>BIGINTEGER</FieldDataType>
                        <FieldDataType>STRING</FieldDataType>
                        <FieldDataType>DATETIME</FieldDataType>
                    </FieldsToUpdate>
                </DataStoreRef>
                <PartitionByFields/>
            </OutputDef>
        </OutputsDef>
    </PipelineDef>
</ExecutionModel>
