<?xml version="1.0" encoding="UTF-8" standalone="yes"?>
<ExecutionModel xmlns="com/infogix/component/executionengine/export/fdt" id="cc210784c44a42e2b1af1f542908dd4b_exec">
    <OptionsDef logLimit="100" cacheOperationOutput="true" cacheResourceIntensiveOperationOutput="false" countOperationOutput="true"/>
    <PipelineDef id="dataStore">
        <InputsDef>
            <InputDef id="dataStore.input">
                <DataStoreRef name="5ed5429e03344c608fbdac09efdfc973" owningMemberId="1020" dataLoadRange="ALL">
                    <SourceFilter/>
                </DataStoreRef>
            </InputDef>
        </InputsDef>
        <OperationsDef>
            <SelectDef from="dataStore.input" id="dataStore.select" countOutput="false">
                <SelectFields>
                    <FieldRef>Dummy</FieldRef>
                    <FieldDataType>STRING</FieldDataType>
                </SelectFields>
            </SelectDef>
        </OperationsDef>
        <OutputsDef>
            <OutputDef id="dataStore.output" from="dataStore.select" passthru="true" decryptSecuredValues="false"/>
        </OutputsDef>
    </PipelineDef>
    <PipelineDef id="sql">
        <InputsDef>
            <InputDef id="sql.input" fromOutputId="dataStore.output"/>
        </InputsDef>
        <OperationsDef>
            <SqlDef id="sql.sql" countOutput="true">
                <SourceDef name="Dummy" from="sql.input">
                    <InputFields>
                        <FieldRef>Dummy</FieldRef>
                        <FieldDataType>STRING</FieldDataType>
                        <EncryptField>false</EncryptField>
                    </InputFields>
                </SourceDef>
                <Sql>SELECT 'X' AS Dummy</Sql>
                <OutputFields>
                    <FieldRef>Dummy</FieldRef>
                    <FieldDataType>STRING</FieldDataType>
                    <NestedFields xmlns:xsi="http://www.w3.org/2001/XMLSchema-instance" xsi:nil="true"/>
                    <EncryptField>false</EncryptField>
                </OutputFields>
            </SqlDef>
            <ComputeDef from="sql.sql" id="sql.compute1" countOutput="false">
                <ComputedField>EXECUTION_ID_LIST</ComputedField>
                <ComputedFieldDataType>STRING</ComputedFieldDataType>
                <ExpressionDef lang="formula" expression="RUNTIME('EXECUTION_ID_LIST')"/>
            </ComputeDef>
            <ComputeDef from="sql.compute1" id="sql.compute2" countOutput="false">
                <ComputedField>FAILED_ASSET_TYPE_UID</ComputedField>
                <ComputedFieldDataType>STRING</ComputedFieldDataType>
                <ExpressionDef lang="formula" expression="RUNTIME('FAILED_ASSET_TYPE_UID')"/>
            </ComputeDef>
        </OperationsDef>
        <OutputsDef>
            <OutputDef id="sql.output" from="sql.compute2" passthru="true" decryptSecuredValues="false"/>
        </OutputsDef>
    </PipelineDef>
    <PipelineDef id="script">
        <InputsDef>
            <InputDef id="script.input" fromOutputId="sql.output"/>
        </InputsDef>
        <OperationsDef>
            <ScriptDef mimeType="text/javascript" from="script.input" id="script.script" countOutput="true">
                <SelectFields>
                    <FieldRef>Dummy</FieldRef>
                    <FieldRef>EXECUTION_ID_LIST</FieldRef>
                    <FieldRef>FAILED_ASSET_TYPE_UID</FieldRef>
                    <FieldDataType>STRING</FieldDataType>
                    <FieldDataType>STRING</FieldDataType>
                    <FieldDataType>STRING</FieldDataType>
                    <EncryptField>false</EncryptField>
                    <EncryptField>false</EncryptField>
                    <EncryptField>false</EncryptField>
                </SelectFields>
                <Script>var EXECUTION_ID_ARRAY=[];
EXECUTION_ID_ARRAY = input.EXECUTION_ID_LIST.split(",");
for (var i=0; i&lt;EXECUTION_ID_ARRAY.length; i++) 
{
  output.EXECUTION_ID=EXECUTION_ID_ARRAY[i];
  emitRecord(output);
}  </Script>
                <ScriptInputFields>
                    <FieldRef>Dummy</FieldRef>
                    <FieldRef>EXECUTION_ID_LIST</FieldRef>
                    <FieldRef>FAILED_ASSET_TYPE_UID</FieldRef>
                    <FieldDataType>STRING</FieldDataType>
                    <FieldDataType>STRING</FieldDataType>
                    <FieldDataType>STRING</FieldDataType>
                    <EncryptField>false</EncryptField>
                    <EncryptField>false</EncryptField>
                    <EncryptField>false</EncryptField>
                </ScriptInputFields>
                <ScriptOutputFields>
                    <FieldRef>EXECUTION_ID</FieldRef>
                    <FieldDataType>STRING</FieldDataType>
                    <EncryptField>false</EncryptField>
                </ScriptOutputFields>
                <OutputFields>
                    <FieldRef>EXECUTION_ID</FieldRef>
                    <FieldDataType>STRING</FieldDataType>
                    <EncryptField>false</EncryptField>
                </OutputFields>
            </ScriptDef>
        </OperationsDef>
        <OutputsDef>
            <OutputDef id="script.output" from="script.script" passthru="true" decryptSecuredValues="false"/>
        </OutputsDef>
    </PipelineDef>
    <PipelineDef id="restApiCall">
        <InputsDef>
            <InputDef id="restApiCall.input" fromOutputId="script.output"/>
        </InputsDef>
        <OperationsDef>
            <RestApiDef httpMethod="GET" responseBodyContentTypeFieldName="contentType" responseBodyFieldName="body" responseStatusFieldName="status" callType="CALL_TYPE_SIMPLE" pagingVariableInitialValue="1" pagingVariableIncrement="1" from="restApiCall.input" id="restApiCall" countOutput="true">
                <SelectFields>
                    <FieldRef>EXECUTION_ID</FieldRef>
                    <FieldRef>status</FieldRef>
                    <FieldRef>body</FieldRef>
                    <FieldRef>contentType</FieldRef>
                    <FieldDataType>STRING</FieldDataType>
                    <FieldDataType>INTEGER</FieldDataType>
                    <FieldDataType>STRING</FieldDataType>
                    <FieldDataType>STRING</FieldDataType>
                </SelectFields>
                <URI>${governURL}/api/v2/assets/executions/${EXECUTION_ID}/status</URI>
                <AuthSpec authType=""/>
                <ProxyURI></ProxyURI>
                <HttpHeader name="Accept" value="application/json"/>
                <HttpHeader name="Authorization" value="${governAuth}"/>
                <pagingScript></pagingScript>
            </RestApiDef>
        </OperationsDef>
        <OutputsDef>
            <OutputDef id="restApiCall.output" from="restApiCall" passthru="true" decryptSecuredValues="false"/>
        </OutputsDef>
    </PipelineDef>
    <PipelineDef id="script2">
        <InputsDef>
            <InputDef id="script2.input" fromOutputId="restApiCall.output"/>
        </InputsDef>
        <OperationsDef>
            <ScriptDef mimeType="text/javascript" from="script2.input" id="script2.script" countOutput="true">
                <SelectFields>
                    <FieldRef>EXECUTION_ID</FieldRef>
                    <FieldRef>status</FieldRef>
                    <FieldRef>body</FieldRef>
                    <FieldRef>contentType</FieldRef>
                    <FieldDataType>STRING</FieldDataType>
                    <FieldDataType>INTEGER</FieldDataType>
                    <FieldDataType>STRING</FieldDataType>
                    <FieldDataType>STRING</FieldDataType>
                    <EncryptField>false</EncryptField>
                    <EncryptField>false</EncryptField>
                    <EncryptField>false</EncryptField>
                    <EncryptField>false</EncryptField>
                </SelectFields>
                <Script>output.EXECUTION_ID=input.EXECUTION_ID;
try
{
  	var obj = JSON.parse(input.body);
	output.Total = obj.Total;
	output.Processed = obj.Processed;
	output.Error = obj.Error;
} 
catch(err)
{
  	output.Total = -1;
	output.Processed = -1;
	output.Error = -1;  
}  </Script>
                <ScriptInputFields>
                    <FieldRef>EXECUTION_ID</FieldRef>
                    <FieldRef>status</FieldRef>
                    <FieldRef>body</FieldRef>
                    <FieldRef>contentType</FieldRef>
                    <FieldDataType>STRING</FieldDataType>
                    <FieldDataType>INTEGER</FieldDataType>
                    <FieldDataType>STRING</FieldDataType>
                    <FieldDataType>STRING</FieldDataType>
                    <EncryptField>false</EncryptField>
                    <EncryptField>false</EncryptField>
                    <EncryptField>false</EncryptField>
                    <EncryptField>false</EncryptField>
                </ScriptInputFields>
                <ScriptOutputFields>
                    <FieldRef>Total</FieldRef>
                    <FieldRef>Processed</FieldRef>
                    <FieldRef>Error</FieldRef>
                    <FieldRef>EXECUTION_ID</FieldRef>
                    <FieldDataType>INTEGER</FieldDataType>
                    <FieldDataType>INTEGER</FieldDataType>
                    <FieldDataType>INTEGER</FieldDataType>
                    <FieldDataType>STRING</FieldDataType>
                    <EncryptField>false</EncryptField>
                    <EncryptField>false</EncryptField>
                    <EncryptField>false</EncryptField>
                    <EncryptField>false</EncryptField>
                </ScriptOutputFields>
                <OutputFields>
                    <FieldRef>Total</FieldRef>
                    <FieldRef>Processed</FieldRef>
                    <FieldRef>Error</FieldRef>
                    <FieldRef>EXECUTION_ID</FieldRef>
                    <FieldDataType>INTEGER</FieldDataType>
                    <FieldDataType>INTEGER</FieldDataType>
                    <FieldDataType>INTEGER</FieldDataType>
                    <FieldDataType>STRING</FieldDataType>
                    <EncryptField>false</EncryptField>
                    <EncryptField>false</EncryptField>
                    <EncryptField>false</EncryptField>
                    <EncryptField>false</EncryptField>
                </OutputFields>
            </ScriptDef>
        </OperationsDef>
        <OutputsDef>
            <OutputDef id="script2.output" from="script2.script" passthru="true" decryptSecuredValues="false"/>
        </OutputsDef>
    </PipelineDef>
    <PipelineDef id="sql2">
        <InputsDef>
            <InputDef id="sql2.input" fromOutputId="script2.output"/>
        </InputsDef>
        <OperationsDef>
            <SqlDef id="sql2.sql" countOutput="true">
                <SourceDef name="input" from="sql2.input">
                    <InputFields>
                        <FieldRef>Total</FieldRef>
                        <FieldRef>Processed</FieldRef>
                        <FieldRef>Error</FieldRef>
                        <FieldRef>EXECUTION_ID</FieldRef>
                        <FieldDataType>INTEGER</FieldDataType>
                        <FieldDataType>INTEGER</FieldDataType>
                        <FieldDataType>INTEGER</FieldDataType>
                        <FieldDataType>STRING</FieldDataType>
                        <EncryptField>false</EncryptField>
                        <EncryptField>false</EncryptField>
                        <EncryptField>false</EncryptField>
                        <EncryptField>false</EncryptField>
                    </InputFields>
                </SourceDef>
                <Sql>SELECT
	SUM(CASE WHEN input.Total&gt;0 THEN input.Total ELSE 0 END) AS TOTAL_CNT,
	SUM(CASE WHEN input.Total&gt;0 THEN input.Processed ELSE 0 END) AS PROCESSED_CNT,
	SUM(CASE WHEN input.Total&gt;0 THEN input.Error ELSE 0 END) AS ERROR_CNT,
	SUM(CASE WHEN input.Total&lt;0 THEN 1 ELSE 0 END) NO_RESPONSE_CNT
FROM input</Sql>
                <OutputFields>
                    <FieldRef>TOTAL_CNT</FieldRef>
                    <FieldRef>PROCESSED_CNT</FieldRef>
                    <FieldRef>ERROR_CNT</FieldRef>
                    <FieldRef>NO_RESPONSE_CNT</FieldRef>
                    <FieldDataType>INTEGER</FieldDataType>
                    <FieldDataType>INTEGER</FieldDataType>
                    <FieldDataType>INTEGER</FieldDataType>
                    <FieldDataType>INTEGER</FieldDataType>
                    <NestedFields xmlns:xsi="http://www.w3.org/2001/XMLSchema-instance" xsi:nil="true"/>
                    <NestedFields xmlns:xsi="http://www.w3.org/2001/XMLSchema-instance" xsi:nil="true"/>
                    <NestedFields xmlns:xsi="http://www.w3.org/2001/XMLSchema-instance" xsi:nil="true"/>
                    <NestedFields xmlns:xsi="http://www.w3.org/2001/XMLSchema-instance" xsi:nil="true"/>
                    <EncryptField>false</EncryptField>
                    <EncryptField>false</EncryptField>
                    <EncryptField>false</EncryptField>
                    <EncryptField>false</EncryptField>
                </OutputFields>
            </SqlDef>
            <ComputeDef from="sql2.sql" id="sql2.compute1" countOutput="false">
                <ComputedField>LOOP_FLAG</ComputedField>
                <ComputedFieldDataType>INTEGER</ComputedFieldDataType>
                <ExpressionDef lang="formula" expression="IF (TOTAL_CNT=(PROCESSED_CNT+ERROR_CNT) || NO_RESPONSE_CNT&gt;0,0,1)"/>
            </ComputeDef>
            <ComputeDef from="sql2.compute1" id="sql2.compute2" countOutput="false">
                <ComputedField>Dummy</ComputedField>
                <ComputedFieldDataType>INTEGER</ComputedFieldDataType>
                <ExpressionDef lang="formula" expression="1"/>
            </ComputeDef>
            <ComputeDef from="sql2.compute2" id="sql2.compute3" countOutput="false">
                <ComputedField>NO_RESPONSE_ERR_MSG</ComputedField>
                <ComputedFieldDataType>STRING</ComputedFieldDataType>
                <ExpressionDef lang="formula" expression="IF(NO_RESPONSE_CNT&gt;0,'Error while fetching batch submission execution status.No response found.',NULLF())"/>
            </ComputeDef>
        </OperationsDef>
        <OutputsDef>
            <OutputDef id="sql2.output" from="sql2.compute3" passthru="true" decryptSecuredValues="false"/>
        </OutputsDef>
    </PipelineDef>
    <PipelineDef id="script3">
        <InputsDef>
            <InputDef id="script3.input" fromOutputId="restApiCall.output"/>
        </InputsDef>
        <OperationsDef>
            <ScriptDef mimeType="text/javascript" from="script3.input" id="script3.script" countOutput="true">
                <SelectFields>
                    <FieldRef>EXECUTION_ID</FieldRef>
                    <FieldRef>status</FieldRef>
                    <FieldRef>body</FieldRef>
                    <FieldRef>contentType</FieldRef>
                    <FieldDataType>STRING</FieldDataType>
                    <FieldDataType>INTEGER</FieldDataType>
                    <FieldDataType>STRING</FieldDataType>
                    <FieldDataType>STRING</FieldDataType>
                    <EncryptField>false</EncryptField>
                    <EncryptField>false</EncryptField>
                    <EncryptField>false</EncryptField>
                    <EncryptField>false</EncryptField>
                </SelectFields>
                <Script>try
{
  var obj = JSON.parse(input.body);
  for (var i=0; i&lt;obj.Results.length; i++) {
    output.ASSET_TYPE_UID = obj.Fields.AssetTypeUid;		
    output.ASSET_UID = obj.Results[i].uid;
    output.SUCCESS_FLAG = obj.Results[i].Success;
    emitRecord();
  }
}
catch(err)
{
    output.ASSET_TYPE_UID = null;		
    output.ASSET_UID = null;
    output.SUCCESS_FLAG = null;
    emitRecord();
}  </Script>
                <ScriptInputFields>
                    <FieldRef>EXECUTION_ID</FieldRef>
                    <FieldRef>status</FieldRef>
                    <FieldRef>body</FieldRef>
                    <FieldRef>contentType</FieldRef>
                    <FieldDataType>STRING</FieldDataType>
                    <FieldDataType>INTEGER</FieldDataType>
                    <FieldDataType>STRING</FieldDataType>
                    <FieldDataType>STRING</FieldDataType>
                    <EncryptField>false</EncryptField>
                    <EncryptField>false</EncryptField>
                    <EncryptField>false</EncryptField>
                    <EncryptField>false</EncryptField>
                </ScriptInputFields>
                <ScriptOutputFields>
                    <FieldRef>ASSET_UID</FieldRef>
                    <FieldRef>SUCCESS_FLAG</FieldRef>
                    <FieldRef>ASSET_TYPE_UID</FieldRef>
                    <FieldDataType>STRING</FieldDataType>
                    <FieldDataType>STRING</FieldDataType>
                    <FieldDataType>STRING</FieldDataType>
                    <EncryptField>false</EncryptField>
                    <EncryptField>false</EncryptField>
                    <EncryptField>false</EncryptField>
                </ScriptOutputFields>
                <OutputFields>
                    <FieldRef>ASSET_UID</FieldRef>
                    <FieldRef>SUCCESS_FLAG</FieldRef>
                    <FieldRef>ASSET_TYPE_UID</FieldRef>
                    <FieldDataType>STRING</FieldDataType>
                    <FieldDataType>STRING</FieldDataType>
                    <FieldDataType>STRING</FieldDataType>
                    <EncryptField>false</EncryptField>
                    <EncryptField>false</EncryptField>
                    <EncryptField>false</EncryptField>
                </OutputFields>
            </ScriptDef>
        </OperationsDef>
        <OutputsDef>
            <OutputDef id="script3.output" from="script3.script" passthru="true" decryptSecuredValues="false"/>
        </OutputsDef>
    </PipelineDef>
    <PipelineDef id="filter">
        <InputsDef>
            <InputDef id="filter.input" fromOutputId="script3.output"/>
        </InputsDef>
        <OperationsDef>
            <FilterDef from="filter.input" id="filter.filter" countOutput="true">
                <ExpressionDef lang="formula" expression="SUCCESS_FLAG = 'false'"/>
            </FilterDef>
            <ComputeDef from="filter.filter" id="filter.compute1" countOutput="false">
                <ComputedField>Dummy</ComputedField>
                <ComputedFieldDataType>INTEGER</ComputedFieldDataType>
                <ExpressionDef lang="formula" expression="1"/>
            </ComputeDef>
        </OperationsDef>
        <OutputsDef>
            <OutputDef id="filter.output" from="filter.compute1" passthru="true" decryptSecuredValues="false"/>
        </OutputsDef>
    </PipelineDef>
    <PipelineDef id="sql3">
        <InputsDef>
            <InputDef id="sql3.input" fromOutputId="filter.output"/>
        </InputsDef>
        <OperationsDef>
            <SqlDef id="sql3.sql" countOutput="true">
                <SourceDef name="input" from="sql3.input">
                    <InputFields>
                        <FieldRef>ASSET_UID</FieldRef>
                        <FieldRef>SUCCESS_FLAG</FieldRef>
                        <FieldRef>ASSET_TYPE_UID</FieldRef>
                        <FieldRef>Dummy</FieldRef>
                        <FieldDataType>STRING</FieldDataType>
                        <FieldDataType>STRING</FieldDataType>
                        <FieldDataType>STRING</FieldDataType>
                        <FieldDataType>INTEGER</FieldDataType>
                        <EncryptField>false</EncryptField>
                        <EncryptField>false</EncryptField>
                        <EncryptField>false</EncryptField>
                        <EncryptField>false</EncryptField>
                    </InputFields>
                </SourceDef>
                <Sql>SELECT DISTINCT input.Dummy,input.ASSET_TYPE_UID FROM input</Sql>
                <OutputFields>
                    <FieldRef>Dummy</FieldRef>
                    <FieldRef>ASSET_TYPE_UID</FieldRef>
                    <FieldDataType>INTEGER</FieldDataType>
                    <FieldDataType>STRING</FieldDataType>
                    <NestedFields xmlns:xsi="http://www.w3.org/2001/XMLSchema-instance" xsi:nil="true"/>
                    <NestedFields xmlns:xsi="http://www.w3.org/2001/XMLSchema-instance" xsi:nil="true"/>
                    <EncryptField>false</EncryptField>
                    <EncryptField>false</EncryptField>
                </OutputFields>
            </SqlDef>
        </OperationsDef>
        <OutputsDef>
            <OutputDef id="sql3.output" from="sql3.sql" passthru="true" decryptSecuredValues="false"/>
        </OutputsDef>
    </PipelineDef>
    <PipelineDef id="group">
        <InputsDef>
            <InputDef id="group.input" fromOutputId="sql3.output"/>
        </InputsDef>
        <OperationsDef>
            <GroupDef recordFieldName="Results" from="group.input" id="group.group" countOutput="true">
                <SelectFields>
                    <FieldRef>Dummy</FieldRef>
                    <FieldRef>ASSET_TYPE_UID</FieldRef>
                    <FieldDataType>INTEGER</FieldDataType>
                    <FieldDataType>STRING</FieldDataType>
                </SelectFields>
                <GroupFields>
                    <FieldRef>Dummy</FieldRef>
                    <FieldDataType>INTEGER</FieldDataType>
                </GroupFields>
                <OutputFields>
                    <FieldRef>ASSET_TYPE_UID</FieldRef>
                    <FieldDataType>STRING</FieldDataType>
                </OutputFields>
            </GroupDef>
        </OperationsDef>
        <OutputsDef>
            <OutputDef id="group.output" from="group.group" passthru="true" decryptSecuredValues="false"/>
        </OutputsDef>
    </PipelineDef>
    <PipelineDef id="script4">
        <InputsDef>
            <InputDef id="script4.input" fromOutputId="group.output"/>
        </InputsDef>
        <OperationsDef>
            <ScriptDef mimeType="text/javascript" from="script4.input" id="script4.script" countOutput="true">
                <SelectFields>
                    <FieldRef>Dummy</FieldRef>
                    <FieldRef>Results</FieldRef>
                    <FieldDataType>INTEGER</FieldDataType>
                    <FieldDataType>ARRAY</FieldDataType>
                    <NestedFields>
                        <FieldRef>ASSET_TYPE_UID</FieldRef>
                        <FieldDataType>STRING</FieldDataType>
                        <EncryptField>false</EncryptField>
                    </NestedFields>
                    <EncryptField>false</EncryptField>
                    <EncryptField>false</EncryptField>
                </SelectFields>
                <Script>var FAILED_ASSET_UID_LIST='';

for (var i=0; i&lt;input.Results.length; i++)
{
  if(!ISBLANK(FAILED_ASSET_UID_LIST))
  {
    FAILED_ASSET_UID_LIST += ",";
  } 
  FAILED_ASSET_UID_LIST += input.Results[i].ASSET_TYPE_UID;
}  

output.FAILED_ASSET_UID_LIST = FAILED_ASSET_UID_LIST;
output.Dummy=1;</Script>
                <ScriptInputFields>
                    <FieldRef>Dummy</FieldRef>
                    <FieldRef>Results</FieldRef>
                    <FieldDataType>INTEGER</FieldDataType>
                    <FieldDataType>ARRAY</FieldDataType>
                    <NestedFields>
                        <FieldRef>ASSET_TYPE_UID</FieldRef>
                        <FieldDataType>STRING</FieldDataType>
                        <EncryptField>false</EncryptField>
                    </NestedFields>
                    <EncryptField>false</EncryptField>
                    <EncryptField>false</EncryptField>
                </ScriptInputFields>
                <ScriptOutputFields>
                    <FieldRef>FAILED_ASSET_UID_LIST</FieldRef>
                    <FieldRef>Dummy</FieldRef>
                    <FieldDataType>STRING</FieldDataType>
                    <FieldDataType>INTEGER</FieldDataType>
                    <EncryptField>false</EncryptField>
                    <EncryptField>false</EncryptField>
                </ScriptOutputFields>
                <OutputFields>
                    <FieldRef>FAILED_ASSET_UID_LIST</FieldRef>
                    <FieldRef>Dummy</FieldRef>
                    <FieldDataType>STRING</FieldDataType>
                    <FieldDataType>INTEGER</FieldDataType>
                    <EncryptField>false</EncryptField>
                    <EncryptField>false</EncryptField>
                </OutputFields>
            </ScriptDef>
        </OperationsDef>
        <OutputsDef>
            <OutputDef id="script4.output" from="script4.script" passthru="true" decryptSecuredValues="false"/>
        </OutputsDef>
    </PipelineDef>
    <PipelineDef id="join">
        <InputsDef>
            <InputDef id="join.input.left" fromOutputId="sql2.output"/>
            <InputDef id="join.input.right" fromOutputId="script4.output"/>
        </InputsDef>
        <OperationsDef>
            <SelectDef from="join.input.left" id="join.input.left.select" countOutput="true">
                <SelectFields>
                    <FieldRef>TOTAL_CNT</FieldRef>
                    <FieldRef>PROCESSED_CNT</FieldRef>
                    <FieldRef>ERROR_CNT</FieldRef>
                    <FieldRef>NO_RESPONSE_CNT</FieldRef>
                    <FieldRef>LOOP_FLAG</FieldRef>
                    <FieldRef>Dummy</FieldRef>
                    <FieldRef>NO_RESPONSE_ERR_MSG</FieldRef>
                    <FieldDataType>INTEGER</FieldDataType>
                    <FieldDataType>INTEGER</FieldDataType>
                    <FieldDataType>INTEGER</FieldDataType>
                    <FieldDataType>INTEGER</FieldDataType>
                    <FieldDataType>INTEGER</FieldDataType>
                    <FieldDataType>INTEGER</FieldDataType>
                    <FieldDataType>STRING</FieldDataType>
                    <EncryptField>false</EncryptField>
                    <EncryptField>false</EncryptField>
                    <EncryptField>false</EncryptField>
                    <EncryptField>false</EncryptField>
                    <EncryptField>false</EncryptField>
                    <EncryptField>false</EncryptField>
                    <EncryptField>false</EncryptField>
                </SelectFields>
            </SelectDef>
            <SelectDef from="join.input.right" id="join.input.right.select" countOutput="true">
                <SelectFields>
                    <FieldRef>FAILED_ASSET_UID_LIST</FieldRef>
                    <FieldRef>Dummy</FieldRef>
                    <FieldDataType>STRING</FieldDataType>
                    <FieldDataType>INTEGER</FieldDataType>
                    <EncryptField>false</EncryptField>
                    <EncryptField>false</EncryptField>
                </SelectFields>
            </SelectDef>
            <DataFrameJoinDef id="join.join" countOutput="true">
                <SourceDef from="join.input.left.select" joinType="Outer" fitsInMemory="false">
                    <JoinFields>
                        <FieldRef>Dummy</FieldRef>
                        <FieldDataType>INTEGER</FieldDataType>
                        <EncryptField>false</EncryptField>
                    </JoinFields>
                    <InputFields>
                        <FieldRef>TOTAL_CNT</FieldRef>
                        <FieldRef>PROCESSED_CNT</FieldRef>
                        <FieldRef>ERROR_CNT</FieldRef>
                        <FieldRef>NO_RESPONSE_CNT</FieldRef>
                        <FieldRef>LOOP_FLAG</FieldRef>
                        <FieldRef>Dummy</FieldRef>
                        <FieldRef>NO_RESPONSE_ERR_MSG</FieldRef>
                        <FieldDataType>INTEGER</FieldDataType>
                        <FieldDataType>INTEGER</FieldDataType>
                        <FieldDataType>INTEGER</FieldDataType>
                        <FieldDataType>INTEGER</FieldDataType>
                        <FieldDataType>INTEGER</FieldDataType>
                        <FieldDataType>INTEGER</FieldDataType>
                        <FieldDataType>STRING</FieldDataType>
                        <EncryptField>false</EncryptField>
                        <EncryptField>false</EncryptField>
                        <EncryptField>false</EncryptField>
                        <EncryptField>false</EncryptField>
                        <EncryptField>false</EncryptField>
                        <EncryptField>false</EncryptField>
                        <EncryptField>false</EncryptField>
                    </InputFields>
                    <OutputFields>
                        <FieldRef>fld_5ea8ecc65b5443a382c367e68790af28_join_L</FieldRef>
                        <FieldRef>fld_42a0fd6b4abc45d7b50481fb53aa7ed0_join_L</FieldRef>
                        <FieldRef>fld_08efb549cd0a4fd39c35d100cffb482e_join_L</FieldRef>
                        <FieldRef>fld_1d46726b2977413b87155d249045186d_join_L</FieldRef>
                        <FieldRef>LOOP_FLAG</FieldRef>
                        <FieldRef>fld_02637f5632af462980ec8fe0218ad7e0_join_L</FieldRef>
                        <FieldRef>NO_RESPONSE_ERR_MSG</FieldRef>
                        <FieldDataType>INTEGER</FieldDataType>
                        <FieldDataType>INTEGER</FieldDataType>
                        <FieldDataType>INTEGER</FieldDataType>
                        <FieldDataType>INTEGER</FieldDataType>
                        <FieldDataType>INTEGER</FieldDataType>
                        <FieldDataType>INTEGER</FieldDataType>
                        <FieldDataType>STRING</FieldDataType>
                        <EncryptField>false</EncryptField>
                        <EncryptField>false</EncryptField>
                        <EncryptField>false</EncryptField>
                        <EncryptField>false</EncryptField>
                        <EncryptField>false</EncryptField>
                        <EncryptField>false</EncryptField>
                        <EncryptField>false</EncryptField>
                    </OutputFields>
                </SourceDef>
                <SourceDef from="join.input.right.select" joinType="Inner" fitsInMemory="false">
                    <JoinFields>
                        <FieldRef>Dummy</FieldRef>
                        <FieldDataType>INTEGER</FieldDataType>
                        <EncryptField>false</EncryptField>
                    </JoinFields>
                    <InputFields>
                        <FieldRef>FAILED_ASSET_UID_LIST</FieldRef>
                        <FieldRef>Dummy</FieldRef>
                        <FieldDataType>STRING</FieldDataType>
                        <FieldDataType>INTEGER</FieldDataType>
                        <EncryptField>false</EncryptField>
                        <EncryptField>false</EncryptField>
                    </InputFields>
                    <OutputFields>
                        <FieldRef>FAILED_ASSET_UID_LIST</FieldRef>
                        <FieldRef>fld_d9ef1717d9594b5c8a8a15f126637d75_join_R</FieldRef>
                        <FieldDataType>STRING</FieldDataType>
                        <FieldDataType>INTEGER</FieldDataType>
                        <EncryptField>false</EncryptField>
                        <EncryptField>false</EncryptField>
                    </OutputFields>
                </SourceDef>
            </DataFrameJoinDef>
            <SelectDef from="join.join" id="join.select" countOutput="false">
                <SelectFields>
                    <FieldRef>LOOP_FLAG</FieldRef>
                    <FieldRef>NO_RESPONSE_ERR_MSG</FieldRef>
                    <FieldRef>FAILED_ASSET_UID_LIST</FieldRef>
                    <FieldDataType>INTEGER</FieldDataType>
                    <FieldDataType>STRING</FieldDataType>
                    <FieldDataType>STRING</FieldDataType>
                    <EncryptField>false</EncryptField>
                    <EncryptField>false</EncryptField>
                    <EncryptField>false</EncryptField>
                </SelectFields>
            </SelectDef>
        </OperationsDef>
        <OutputsDef>
            <OutputDef id="join.output" from="join.select" passthru="true" decryptSecuredValues="false"/>
        </OutputsDef>
    </PipelineDef>
    <PipelineDef id="customCompletionStatus">
        <InputsDef>
            <InputDef id="customCompletionStatus.input" fromOutputId="join.output"/>
        </InputsDef>
        <OperationsDef/>
        <OutputsDef>
            <OutputDef id="customCompletionStatus.output" from="customCompletionStatus.input" passthru="false" decryptSecuredValues="false">
                <CustomCompletionStatus/>
            </OutputDef>
        </OutputsDef>
    </PipelineDef>
</ExecutionModel>
