<?xml version="1.0" encoding="UTF-8" standalone="yes"?>
<ns2:ProcessModelDef xmlns="com/infogix/component/processmodel/export/fdt" xmlns:ns2="com.infogix.component.processmodel.export.fdt" displayName="IGX_PM_Rule_Evaluate_CMF" name="847541e30b054c8ab3c77151eb29c3b0">
    <FlowDef>
        <FlowData>{ "class": "go.GraphLinksModel",  "linkFromPortIdProperty": "fromPort",  "linkToPortIdProperty": "toPort",  "modelData": {"position":"-614 -269.264705882353"},  "nodeDataArray": [ {"key":"externalStartEvent", "category":"externalStartEvent", "typeId":"externalStartEvent", "src":"externalstartevent.svg", "loc":"-530 -200", "displayName":"External Start Event", "origTooltip":"Use for Process Models that will be executed manually.", "tooltip":"Use for Process Models that will be executed manually.", "isNode":true, "isValid":true, "outputPort":[], "property":[ {"name":"PM_DATA_ENTITY", "dataType":"STRING", "value":{"propertyType":"LITERALPROPERTYVALUE", "value":"CMF"}},{"name":"PM_START_TS", "dataType":"DATETIME", "value":{"propertyType":"EXPRESSIONPROPERTYVALUE", "uiValueExpressionClause":"CURRENT_TIMESTAMP()", "valueExpression":"CURRENT_TIMESTAMP()"}} ]},{"key":"executeLeafItemTask", "category":"executeLeafItemTask", "typeId":"executeLeafItemTask", "src":"executeleafitemtask.svg", "loc":"-420 -200", "displayName":"IGX_PRC_RE_Read_Source_CMF", "origTooltip":"Analysis: IGX_PRC_RE_Read_Source_CMF", "tooltip":"Analysis: IGX_PRC_RE_Read_Source_CMF", "isNode":true, "isValid":true, "outputPort":[], "leafItem":{"objectType":"analysis", "objectName":"e147e9a36fb54278a2b3f786f82e8c28", "owningMemberId":"1020"}, "useProcessRefTime":false, "property":[ {"name":"PM_DATA_ENTITY", "dataType":"STRING", "value":{"propertyType":"REFPROPERTYVALUE", "refPropertyName":"PM_DATA_ENTITY", "refFlowObjectId":"externalStartEvent"}},{"name":"PM_START_TS", "dataType":"DATETIME", "value":{"propertyType":"REFPROPERTYVALUE", "refPropertyName":"PM_START_TS", "refFlowObjectId":"externalStartEvent"}},{"name":"D3S_WORK_ID", "dataType":"STRING", "value":{"propertyType":"LITERALPROPERTYVALUE", "value":"''"}} ]},{"key":"noneEndEvent", "category":"noneEndEvent", "typeId":"noneEndEvent", "src":"noneendevent.svg", "loc":"-250 -200", "displayName":"Success End Event", "origTooltip":"Terminates the Process Model and outputs a success code.", "tooltip":"Terminates the Process Model and outputs a success code.", "isNode":true, "isValid":true, "outputPort":[], "property":[]} ],  "linkDataArray": [ {"from":"externalStartEvent", "to":"executeLeafItemTask", "fromPort":"output", "toPort":"input", "displayName":"Link"},{"from":"executeLeafItemTask", "to":"noneEndEvent", "fromPort":"output", "toPort":"input", "displayName":"Link"} ]}</FlowData>
    </FlowDef>
    <ProcessDef inheritRefTimeFromStartEvent="false" id="daf76c376cc344de8100a1e781281123" displayName="IGX_PM_Rule_Evaluate_CMF">
        <EventDef xmlns:xsi="http://www.w3.org/2001/XMLSchema-instance" xsi:type="ExternalStartEventDef" id="externalStartEvent" displayName="External Start Event">
            <OutputPort id="output">
                <ConnectionId>54246</ConnectionId>
            </OutputPort>
            <Property name="PM_DATA_ENTITY" dataType="STRING">
                <Value xsi:type="LiteralPropertyValueDef" value="CMF"/>
            </Property>
            <Property name="PM_START_TS" dataType="DATETIME">
                <Value xsi:type="ExpressionPropertyValueDef" valueExpression="CURRENT_TIMESTAMP()" uiValueExpressionClause="CURRENT_TIMESTAMP()"/>
            </Property>
        </EventDef>
        <EventDef xmlns:xsi="http://www.w3.org/2001/XMLSchema-instance" xsi:type="NoneEndEventDef" id="noneEndEvent" displayName="Success End Event">
            <InputPort id="input">
                <ConnectionId>54247</ConnectionId>
            </InputPort>
        </EventDef>
        <ActivityDef xmlns:xsi="http://www.w3.org/2001/XMLSchema-instance" xsi:type="ExecuteLeafItemTaskDef" useProcessRefTime="false" id="executeLeafItemTask" displayName="IGX_PRC_RE_Read_Source_CMF">
            <InputPort id="input">
                <ConnectionId>54246</ConnectionId>
            </InputPort>
            <OutputPort id="output">
                <ConnectionId>54247</ConnectionId>
            </OutputPort>
            <Property name="PM_DATA_ENTITY" dataType="STRING">
                <Value xsi:type="RefPropertyValueDef" refPropertyName="PM_DATA_ENTITY" refFlowObjectId="externalStartEvent"/>
            </Property>
            <Property name="PM_START_TS" dataType="DATETIME">
                <Value xsi:type="RefPropertyValueDef" refPropertyName="PM_START_TS" refFlowObjectId="externalStartEvent"/>
            </Property>
            <Property name="D3S_WORK_ID" dataType="STRING">
                <Value xsi:type="LiteralPropertyValueDef" value="''"/>
            </Property>
            <LeafItem objectType="analysis" objectName="e147e9a36fb54278a2b3f786f82e8c28" owningMemberId="1020"/>
        </ActivityDef>
        <ConnectionDef xmlns:xsi="http://www.w3.org/2001/XMLSchema-instance" xsi:type="SequenceFlowConnectionDef" id="54246" fromObjectName="externalStartEvent" toObjectName="executeLeafItemTask"/>
        <ConnectionDef xmlns:xsi="http://www.w3.org/2001/XMLSchema-instance" xsi:type="SequenceFlowConnectionDef" id="54247" fromObjectName="executeLeafItemTask" toObjectName="noneEndEvent"/>
    </ProcessDef>
</ns2:ProcessModelDef>
