<?xml version="1.0" encoding="UTF-8" standalone="yes"?>
<ns3:RecordDef xmlns="com/infogix/component/metadatamgmt/export/fdt" xmlns:ns2="com/infogix/component/metadatamgmt/export/fdt/screen" xmlns:ns3="com.infogix.component.metadatamgmt.export.fdt" identityFieldsUnique="false" externallyDefined="false" externallyDefinedIDFields="false" locallyModifiedIDFields="false" allowAccessOnQueryFilterFallthrough="false" allowAccessOnEditFilterFallthrough="false" name="3430d4bc6c4248c687cea9a79e231e0f" displayName="IGX_DS_DQ_RESULTS">
    <Field xmlns:xsi="http://www.w3.org/2001/XMLSchema-instance" xsi:type="StringFieldDef" maxLength="65000" encrypt="false" system="false" querySynonymsFromGovern="false" name="DATA_KEY" displayName="DATA_KEY"/>
    <Field xmlns:xsi="http://www.w3.org/2001/XMLSchema-instance" xsi:type="DateTimeFieldDef" timeZone="" encrypt="false" system="false" querySynonymsFromGovern="false" name="RUN_TIMESTAMP" displayName="RUN_TIMESTAMP"/>
    <Field xmlns:xsi="http://www.w3.org/2001/XMLSchema-instance" xsi:type="StringFieldDef" maxLength="65000" encrypt="false" system="false" querySynonymsFromGovern="false" name="DATA_ENTITY_NAME" displayName="DATA_ENTITY_NAME"/>
    <Field xmlns:xsi="http://www.w3.org/2001/XMLSchema-instance" xsi:type="StringFieldDef" maxLength="65000" encrypt="false" system="false" querySynonymsFromGovern="false" name="DATA_ENTITY_UID" displayName="DATA_ENTITY_UID"/>
    <Field xmlns:xsi="http://www.w3.org/2001/XMLSchema-instance" xsi:type="StringFieldDef" maxLength="65000" encrypt="false" system="false" querySynonymsFromGovern="false" name="DATA_ELEMENT_NAME" displayName="DATA_ELEMENT_NAME"/>
    <Field xmlns:xsi="http://www.w3.org/2001/XMLSchema-instance" xsi:type="StringFieldDef" maxLength="65000" encrypt="false" system="false" querySynonymsFromGovern="false" name="DATA_ELEMENT_UID" displayName="DATA_ELEMENT_UID"/>
    <Field xmlns:xsi="http://www.w3.org/2001/XMLSchema-instance" xsi:type="StringFieldDef" maxLength="65000" encrypt="false" system="false" querySynonymsFromGovern="false" name="DATA_ELEMENT_GROUP" displayName="DATA_ELEMENT_GROUP"/>
    <Field xmlns:xsi="http://www.w3.org/2001/XMLSchema-instance" xsi:type="StringFieldDef" maxLength="65000" encrypt="false" system="false" querySynonymsFromGovern="false" name="DATA_ELEMENT_GROUP_RULE_TYPE" displayName="DATA_ELEMENT_GROUP_RULE_TYPE"/>
    <Field xmlns:xsi="http://www.w3.org/2001/XMLSchema-instance" xsi:type="StringFieldDef" maxLength="65000" encrypt="false" system="false" querySynonymsFromGovern="false" name="RULE_NAME" displayName="RULE_NAME"/>
    <Field xmlns:xsi="http://www.w3.org/2001/XMLSchema-instance" xsi:type="StringFieldDef" maxLength="65000" encrypt="false" system="false" querySynonymsFromGovern="false" name="RULE_UID" displayName="RULE_UID"/>
    <Field xmlns:xsi="http://www.w3.org/2001/XMLSchema-instance" xsi:type="StringFieldDef" maxLength="65000" encrypt="false" system="false" querySynonymsFromGovern="false" name="DIMENSION" displayName="DIMENSION"/>
    <Field xmlns:xsi="http://www.w3.org/2001/XMLSchema-instance" xsi:type="StringFieldDef" maxLength="65000" encrypt="false" system="false" querySynonymsFromGovern="false" name="RULE_RESULT" displayName="RULE_RESULT"/>
    <Field xmlns:xsi="http://www.w3.org/2001/XMLSchema-instance" xsi:type="StringFieldDef" maxLength="255" encrypt="false" system="false" name="RULE_RESULT_TRANSFORMED" displayName="RULE_RESULT_TRANSFORMED"/>
    <Field xmlns:xsi="http://www.w3.org/2001/XMLSchema-instance" xsi:type="StringFieldDef" maxLength="255" encrypt="false" system="false" name="FAIL_DESCRIPTION" displayName="FAIL_DESCRIPTION"/>
    <Field xmlns:xsi="http://www.w3.org/2001/XMLSchema-instance" xsi:type="StringFieldDef" maxLength="65000" encrypt="false" system="false" querySynonymsFromGovern="false" name="DATA_BATCH_IDENTIFIER" displayName="DATA_BATCH_IDENTIFIER"/>
    <Field xmlns:xsi="http://www.w3.org/2001/XMLSchema-instance" xsi:type="DateTimeFieldDef" timeZone="" encrypt="false" system="false" querySynonymsFromGovern="false" name="IGX_SYSTEM_CREATED_TS" displayName="IGX_SYSTEM_CREATED_TS"/>
    <Field xmlns:xsi="http://www.w3.org/2001/XMLSchema-instance" xsi:type="BigIntegerFieldDef" encrypt="false" system="false" name="IGX_SYSTEM_RECORD_VERSION" displayName="IGX_SYSTEM_RECORD_VERSION"/>
    <Field xmlns:xsi="http://www.w3.org/2001/XMLSchema-instance" xsi:type="StringFieldDef" maxLength="65000" encrypt="false" system="false" querySynonymsFromGovern="false" name="IGX_PROCESS_ID" displayName="IGX_PROCESS_ID"/>
    <Field xmlns:xsi="http://www.w3.org/2001/XMLSchema-instance" xsi:type="StringFieldDef" maxLength="65000" encrypt="false" system="false" querySynonymsFromGovern="false" name="IGX_WORK_ID" displayName="IGX_WORK_ID"/>
    <Field xmlns:xsi="http://www.w3.org/2001/XMLSchema-instance" xsi:type="StringFieldDef" maxLength="255" encrypt="false" system="false" querySynonymsFromGovern="false" name="PRECONDITION_RESULT" displayName=""/>
    <IdentityField fieldName="DATA_KEY"/>
    <IdentityField fieldName="RUN_TIMESTAMP"/>
    <IdentityField fieldName="DATA_ENTITY_UID"/>
    <IdentityField fieldName="DATA_ELEMENT_UID"/>
    <IdentityField fieldName="RULE_UID"/>
</ns3:RecordDef>
