<?xml version="1.0" encoding="UTF-8" standalone="yes"?>
<ns3:RecordDef xmlns="com/infogix/component/metadatamgmt/export/fdt" xmlns:ns2="com/infogix/component/metadatamgmt/export/fdt/screen" xmlns:ns3="com.infogix.component.metadatamgmt.export.fdt" identityFieldsUnique="false" externallyDefined="false" externallyDefinedIDFields="false" locallyModifiedIDFields="false" allowAccessOnQueryFilterFallthrough="false" allowAccessOnEditFilterFallthrough="false" name="1bd23d599abf4a87957ab7e3e90777a0" displayName="CMF_Input">
    <Field xmlns:xsi="http://www.w3.org/2001/XMLSchema-instance" xsi:type="BigIntegerFieldDef" encrypt="false" nameInSource="ACCOUNT_NO" system="false" querySynonymsFromGovern="false" name="ACCOUNT_NO"/>
    <Field xmlns:xsi="http://www.w3.org/2001/XMLSchema-instance" xsi:type="BigIntegerFieldDef" encrypt="false" nameInSource="PARENT_ID" system="false" querySynonymsFromGovern="false" name="PARENT_ID"/>
    <Field xmlns:xsi="http://www.w3.org/2001/XMLSchema-instance" xsi:type="BigIntegerFieldDef" encrypt="false" nameInSource="CHILD_COUNT" system="false" querySynonymsFromGovern="false" name="CHILD_COUNT" displayName=""/>
    <Field xmlns:xsi="http://www.w3.org/2001/XMLSchema-instance" xsi:type="BigIntegerFieldDef" encrypt="false" nameInSource="HIERARCHY_ID" system="false" querySynonymsFromGovern="false" name="HIERARCHY_ID"/>
    <Field xmlns:xsi="http://www.w3.org/2001/XMLSchema-instance" xsi:type="BigIntegerFieldDef" encrypt="false" nameInSource="TIE_CODE" system="false" querySynonymsFromGovern="false" name="TIE_CODE" displayName=""/>
    <Field xmlns:xsi="http://www.w3.org/2001/XMLSchema-instance" xsi:type="BigIntegerFieldDef" encrypt="false" nameInSource="BILL_SEQUENCE_NUM" system="false" querySynonymsFromGovern="false" name="BILL_SEQUENCE_NUM"/>
    <Field xmlns:xsi="http://www.w3.org/2001/XMLSchema-instance" xsi:type="BigIntegerFieldDef" encrypt="false" nameInSource="CURRENCY_CODE" system="false" querySynonymsFromGovern="false" name="CURRENCY_CODE"/>
    <Field xmlns:xsi="http://www.w3.org/2001/XMLSchema-instance" xsi:type="BigIntegerFieldDef" encrypt="false" nameInSource="LANGUAGE_CODE" system="false" querySynonymsFromGovern="false" name="LANGUAGE_CODE"/>
    <Field xmlns:xsi="http://www.w3.org/2001/XMLSchema-instance" xsi:type="BigIntegerFieldDef" encrypt="false" nameInSource="ACCOUNT_TYPE" system="false" querySynonymsFromGovern="false" name="ACCOUNT_TYPE" displayName=""/>
    <Field xmlns:xsi="http://www.w3.org/2001/XMLSchema-instance" xsi:type="BigIntegerFieldDef" encrypt="false" nameInSource="ACCOUNT_CATEGORY" system="false" querySynonymsFromGovern="false" name="ACCOUNT_CATEGORY"/>
    <Field xmlns:xsi="http://www.w3.org/2001/XMLSchema-instance" xsi:type="DateTimeFieldDef" formatPattern="M/d/yyyy H:mm" displayFormatPattern="dd-MMM-yyyy HH:mm:ss" timeZone="" encrypt="false" nameInSource="PREV_CUTOFF_DATE" system="false" querySynonymsFromGovern="false" name="PREV_CUTOFF_DATE" displayName=""/>
    <Field xmlns:xsi="http://www.w3.org/2001/XMLSchema-instance" xsi:type="DateTimeFieldDef" formatPattern="M/dd/yyyy H:mm" displayFormatPattern="dd-MMM-yyyy HH:mm:ss" timeZone="" encrypt="false" nameInSource="PREV_BILL_DATE" system="false" querySynonymsFromGovern="false" name="PREV_BILL_DATE" displayName=""/>
    <Field xmlns:xsi="http://www.w3.org/2001/XMLSchema-instance" xsi:type="DateTimeFieldDef" formatPattern="M/dd/yyyy H:mm" displayFormatPattern="dd-MMM-yyyy HH:mm:ss" timeZone="" encrypt="false" nameInSource="NEXT_BILL_DATE" system="false" querySynonymsFromGovern="false" name="NEXT_BILL_DATE" displayName=""/>
    <Field xmlns:xsi="http://www.w3.org/2001/XMLSchema-instance" xsi:type="BigIntegerFieldDef" encrypt="false" nameInSource="PREV_BILL_REFNO" system="false" querySynonymsFromGovern="false" name="PREV_BILL_REF_NO" displayName=""/>
    <Field xmlns:xsi="http://www.w3.org/2001/XMLSchema-instance" xsi:type="BigIntegerFieldDef" encrypt="false" nameInSource="PREV_BILL_REF_RESETS" system="false" querySynonymsFromGovern="false" name="PREV_BILL_REF_RESETS"/>
    <Field xmlns:xsi="http://www.w3.org/2001/XMLSchema-instance" xsi:type="BigIntegerFieldDef" encrypt="false" nameInSource="PREV_BALANCE_REFNO" system="false" querySynonymsFromGovern="false" name="PREV_BALANCE_REFNO"/>
    <Field xmlns:xsi="http://www.w3.org/2001/XMLSchema-instance" xsi:type="BigIntegerFieldDef" encrypt="false" nameInSource="PREV_BALANCE_REF_RESETS" system="false" querySynonymsFromGovern="false" name="PREV_BALANCE_REF_RESETS"/>
    <Field xmlns:xsi="http://www.w3.org/2001/XMLSchema-instance" xsi:type="StringFieldDef" maxLength="255" encrypt="false" nameInSource="BILL_NAME_PRE" system="false" querySynonymsFromGovern="false" name="BILL_NAME_PRE"/>
    <Field xmlns:xsi="http://www.w3.org/2001/XMLSchema-instance" xsi:type="StringFieldDef" maxLength="255" encrypt="false" nameInSource="BILL_FNAME" system="false" querySynonymsFromGovern="false" name="BILL_FNAME"/>
    <Field xmlns:xsi="http://www.w3.org/2001/XMLSchema-instance" xsi:type="StringFieldDef" maxLength="255" encrypt="false" nameInSource="BILL_MINIT" system="false" querySynonymsFromGovern="false" name="BILL_MINIT"/>
    <Field xmlns:xsi="http://www.w3.org/2001/XMLSchema-instance" xsi:type="StringFieldDef" maxLength="255" encrypt="false" nameInSource="BILL_LNAME" system="false" querySynonymsFromGovern="false" name="BILL_LNAME"/>
    <Field xmlns:xsi="http://www.w3.org/2001/XMLSchema-instance" xsi:type="StringFieldDef" maxLength="255" encrypt="false" nameInSource="BILL_NAME_GENERATION" system="false" querySynonymsFromGovern="false" name="BILL_NAME_GENERATION"/>
    <Field xmlns:xsi="http://www.w3.org/2001/XMLSchema-instance" xsi:type="StringFieldDef" maxLength="255" encrypt="false" nameInSource="BILL_TITLE" system="false" querySynonymsFromGovern="false" name="BILL_TITLE"/>
    <Field xmlns:xsi="http://www.w3.org/2001/XMLSchema-instance" xsi:type="StringFieldDef" maxLength="255" encrypt="false" nameInSource="BILL_COMPANY" system="false" querySynonymsFromGovern="false" name="BILL_COMPANY"/>
    <Field xmlns:xsi="http://www.w3.org/2001/XMLSchema-instance" xsi:type="StringFieldDef" maxLength="255" encrypt="false" nameInSource="CUST_ADDRESS1" system="false" querySynonymsFromGovern="false" name="CUST_ADDRESS1"/>
    <Field xmlns:xsi="http://www.w3.org/2001/XMLSchema-instance" xsi:type="StringFieldDef" maxLength="255" encrypt="false" nameInSource="CUST_ADDRESS2" system="false" querySynonymsFromGovern="false" name="CUST_ADDRESS2"/>
    <Field xmlns:xsi="http://www.w3.org/2001/XMLSchema-instance" xsi:type="StringFieldDef" maxLength="255" encrypt="false" nameInSource="CUST_ADDRESS3" system="false" querySynonymsFromGovern="false" name="CUST_ADDRESS3"/>
    <Field xmlns:xsi="http://www.w3.org/2001/XMLSchema-instance" xsi:type="StringFieldDef" maxLength="255" encrypt="false" nameInSource="CUST_CITY" system="false" querySynonymsFromGovern="false" name="CUST_CITY"/>
    <Field xmlns:xsi="http://www.w3.org/2001/XMLSchema-instance" xsi:type="StringFieldDef" maxLength="255" encrypt="false" nameInSource="CUST_STATE" system="false" querySynonymsFromGovern="false" name="CUST_STATE"/>
    <Field xmlns:xsi="http://www.w3.org/2001/XMLSchema-instance" xsi:type="StringFieldDef" maxLength="255" encrypt="false" nameInSource="CUST_ZIP" system="false" querySynonymsFromGovern="false" name="CUST_ZIP" displayName=""/>
    <Field xmlns:xsi="http://www.w3.org/2001/XMLSchema-instance" xsi:type="BigIntegerFieldDef" encrypt="false" nameInSource="CUST_COUNTRY_CODE" system="false" querySynonymsFromGovern="false" name="CUST_COUNTRY_CODE"/>
    <Field xmlns:xsi="http://www.w3.org/2001/XMLSchema-instance" xsi:type="BigIntegerFieldDef" encrypt="false" nameInSource="CUST_FRANCHISE_TAX_CODE" system="false" querySynonymsFromGovern="false" name="CUST_FRANCHISE_TAX_CODE"/>
    <Field xmlns:xsi="http://www.w3.org/2001/XMLSchema-instance" xsi:type="StringFieldDef" maxLength="255" encrypt="false" nameInSource="CUST_GEOCODE" system="false" querySynonymsFromGovern="false" name="CUST_GEOCODE" displayName=""/>
    <Field xmlns:xsi="http://www.w3.org/2001/XMLSchema-instance" xsi:type="StringFieldDef" maxLength="255" encrypt="false" nameInSource="CUST_COUNTY" system="false" querySynonymsFromGovern="false" name="CUST_COUNTY"/>
    <Field xmlns:xsi="http://www.w3.org/2001/XMLSchema-instance" xsi:type="StringFieldDef" maxLength="255" encrypt="false" nameInSource="CUST_PHONE1" system="false" querySynonymsFromGovern="false" name="CUST_PHONE1" displayName=""/>
    <Field xmlns:xsi="http://www.w3.org/2001/XMLSchema-instance" xsi:type="StringFieldDef" maxLength="255" encrypt="false" nameInSource="CUST_PHONE2" system="false" querySynonymsFromGovern="false" name="CUST_PHONE2"/>
    <Field xmlns:xsi="http://www.w3.org/2001/XMLSchema-instance" xsi:type="StringFieldDef" maxLength="255" encrypt="false" nameInSource="BILL_ADDRESS1" system="false" querySynonymsFromGovern="false" name="BILL_ADDRESS1"/>
    <Field xmlns:xsi="http://www.w3.org/2001/XMLSchema-instance" xsi:type="StringFieldDef" maxLength="255" encrypt="false" nameInSource="BILL_ADDRESS2" system="false" querySynonymsFromGovern="false" name="BILL_ADDRESS2"/>
    <Field xmlns:xsi="http://www.w3.org/2001/XMLSchema-instance" xsi:type="StringFieldDef" maxLength="255" encrypt="false" nameInSource="BILL_ADDRESS3" system="false" querySynonymsFromGovern="false" name="BILL_ADDRESS3"/>
    <Field xmlns:xsi="http://www.w3.org/2001/XMLSchema-instance" xsi:type="StringFieldDef" maxLength="255" encrypt="false" nameInSource="BILL_CITY" system="false" querySynonymsFromGovern="false" name="BILL_CITY"/>
    <Field xmlns:xsi="http://www.w3.org/2001/XMLSchema-instance" xsi:type="StringFieldDef" maxLength="255" encrypt="false" nameInSource="BILL_STATE" system="false" querySynonymsFromGovern="false" name="BILL_STATE"/>
    <Field xmlns:xsi="http://www.w3.org/2001/XMLSchema-instance" xsi:type="StringFieldDef" maxLength="255" encrypt="false" nameInSource="BILL_ZIP" system="false" querySynonymsFromGovern="false" name="BILL_ZIP" displayName=""/>
    <Field xmlns:xsi="http://www.w3.org/2001/XMLSchema-instance" xsi:type="BigIntegerFieldDef" encrypt="false" nameInSource="BILL_COUNTRY_CODE" system="false" querySynonymsFromGovern="false" name="BILL_COUNTRY_CODE"/>
    <Field xmlns:xsi="http://www.w3.org/2001/XMLSchema-instance" xsi:type="BigIntegerFieldDef" encrypt="false" nameInSource="BILL_FRANCHISE_TAX_CODE" system="false" querySynonymsFromGovern="false" name="BILL_FRANCHISE_TAX_CODE"/>
    <Field xmlns:xsi="http://www.w3.org/2001/XMLSchema-instance" xsi:type="StringFieldDef" maxLength="255" encrypt="false" nameInSource="BILL_COUNTY" system="false" querySynonymsFromGovern="false" name="BILL_COUNTY"/>
    <Field xmlns:xsi="http://www.w3.org/2001/XMLSchema-instance" xsi:type="StringFieldDef" maxLength="255" encrypt="false" nameInSource="BILL_GEOCODE" system="false" querySynonymsFromGovern="false" name="BILL_GEOCODE" displayName=""/>
    <Field xmlns:xsi="http://www.w3.org/2001/XMLSchema-instance" xsi:type="StringFieldDef" maxLength="255" encrypt="false" nameInSource="SSN" system="false" querySynonymsFromGovern="false" name="SSN"/>
    <Field xmlns:xsi="http://www.w3.org/2001/XMLSchema-instance" xsi:type="StringFieldDef" maxLength="255" encrypt="false" nameInSource="CONTACT1_NAME" system="false" querySynonymsFromGovern="false" name="CONTACT1_NAME"/>
    <Field xmlns:xsi="http://www.w3.org/2001/XMLSchema-instance" xsi:type="StringFieldDef" maxLength="255" encrypt="false" nameInSource="CONTACT2_NAME" system="false" querySynonymsFromGovern="false" name="CONTACT2_NAME"/>
    <Field xmlns:xsi="http://www.w3.org/2001/XMLSchema-instance" xsi:type="StringFieldDef" maxLength="255" encrypt="false" nameInSource="CONTACT1_PHONE" system="false" querySynonymsFromGovern="false" name="CONTACT1_PHONE" displayName=""/>
    <Field xmlns:xsi="http://www.w3.org/2001/XMLSchema-instance" xsi:type="StringFieldDef" maxLength="255" encrypt="false" nameInSource="CONTACT2_PHONE" system="false" querySynonymsFromGovern="false" name="CONTACT2_PHONE"/>
    <Field xmlns:xsi="http://www.w3.org/2001/XMLSchema-instance" xsi:type="StringFieldDef" maxLength="255" encrypt="false" nameInSource="CUST_FAXNO" system="false" querySynonymsFromGovern="false" name="CUST_FAXNO"/>
    <Field xmlns:xsi="http://www.w3.org/2001/XMLSchema-instance" xsi:type="StringFieldDef" maxLength="255" encrypt="false" nameInSource="STATEMENT_TO_FAXNO" system="false" querySynonymsFromGovern="false" name="STATEMENT_TO_FAXNO"/>
    <Field xmlns:xsi="http://www.w3.org/2001/XMLSchema-instance" xsi:type="BigIntegerFieldDef" encrypt="false" nameInSource="DEFAULT_CCARD_ID" system="false" querySynonymsFromGovern="false" name="DEFAULT_CCARD_ID"/>
    <Field xmlns:xsi="http://www.w3.org/2001/XMLSchema-instance" xsi:type="BigIntegerFieldDef" encrypt="false" nameInSource="DEFAULT_CCARD_ID_SERV" system="false" querySynonymsFromGovern="false" name="DEFAULT_CCARD_ID_SERV"/>
    <Field xmlns:xsi="http://www.w3.org/2001/XMLSchema-instance" xsi:type="StringFieldDef" maxLength="255" encrypt="false" nameInSource="CUST_BANK_SORT_CODE" system="false" querySynonymsFromGovern="false" name="CUST_BANK_SORT_CODE"/>
    <Field xmlns:xsi="http://www.w3.org/2001/XMLSchema-instance" xsi:type="StringFieldDef" maxLength="255" encrypt="false" nameInSource="CUST_BANK_ACC_NUM" system="false" querySynonymsFromGovern="false" name="CUST_BANK_ACC_NUM" displayName=""/>
    <Field xmlns:xsi="http://www.w3.org/2001/XMLSchema-instance" xsi:type="StringFieldDef" maxLength="255" encrypt="false" nameInSource="CUST_BANK_ACC_NAME" system="false" querySynonymsFromGovern="false" name="CUST_BANK_ACC_NAME"/>
    <Field xmlns:xsi="http://www.w3.org/2001/XMLSchema-instance" xsi:type="StringFieldDef" maxLength="255" encrypt="false" nameInSource="ALT_BANK_ACC_NUM" system="false" querySynonymsFromGovern="false" name="ALT_BANK_ACC_NUM"/>
    <Field xmlns:xsi="http://www.w3.org/2001/XMLSchema-instance" xsi:type="BigIntegerFieldDef" encrypt="false" nameInSource="CREDIT_THRESH" system="false" querySynonymsFromGovern="false" name="CREDIT_THRESH"/>
    <Field xmlns:xsi="http://www.w3.org/2001/XMLSchema-instance" xsi:type="BigIntegerFieldDef" encrypt="false" nameInSource="CRED_STATUS" system="false" querySynonymsFromGovern="false" name="CRED_STATUS" displayName=""/>
    <Field xmlns:xsi="http://www.w3.org/2001/XMLSchema-instance" xsi:type="BigIntegerFieldDef" encrypt="false" nameInSource="CREDIT_RATING" system="false" querySynonymsFromGovern="false" name="CREDIT_RATING" displayName=""/>
    <Field xmlns:xsi="http://www.w3.org/2001/XMLSchema-instance" xsi:type="BigIntegerFieldDef" encrypt="false" nameInSource="DISCONNECT_REASON" system="false" querySynonymsFromGovern="false" name="DISCONNECT_REASON" displayName=""/>
    <Field xmlns:xsi="http://www.w3.org/2001/XMLSchema-instance" xsi:type="BigIntegerFieldDef" encrypt="false" nameInSource="DISC_RCV_OPT" system="false" querySynonymsFromGovern="false" name="DISC_RCV_OPT" displayName=""/>
    <Field xmlns:xsi="http://www.w3.org/2001/XMLSchema-instance" xsi:type="BigIntegerFieldDef" encrypt="false" nameInSource="THRESH_REF" system="false" querySynonymsFromGovern="false" name="THRESH_REF"/>
    <Field xmlns:xsi="http://www.w3.org/2001/XMLSchema-instance" xsi:type="BigIntegerFieldDef" encrypt="false" nameInSource="PAY_METHOD" system="false" querySynonymsFromGovern="false" name="PAY_METHOD"/>
    <Field xmlns:xsi="http://www.w3.org/2001/XMLSchema-instance" xsi:type="StringFieldDef" maxLength="255" encrypt="false" nameInSource="BILL_PERIOD" system="false" querySynonymsFromGovern="false" name="BILL_PERIOD"/>
    <Field xmlns:xsi="http://www.w3.org/2001/XMLSchema-instance" xsi:type="BigIntegerFieldDef" encrypt="false" nameInSource="BILLING_FREQUENCY" system="false" querySynonymsFromGovern="false" name="BILLING_FREQUENCY"/>
    <Field xmlns:xsi="http://www.w3.org/2001/XMLSchema-instance" xsi:type="BigIntegerFieldDef" encrypt="false" nameInSource="BILL_FMT_OPT" system="false" querySynonymsFromGovern="false" name="BILL_FMT_OPT"/>
    <Field xmlns:xsi="http://www.w3.org/2001/XMLSchema-instance" xsi:type="BigIntegerFieldDef" encrypt="false" nameInSource="BILL_DISP_METH" system="false" querySynonymsFromGovern="false" name="BILL_DISP_METH"/>
    <Field xmlns:xsi="http://www.w3.org/2001/XMLSchema-instance" xsi:type="BigIntegerFieldDef" encrypt="false" nameInSource="BILL_HOLD_CODE" system="false" querySynonymsFromGovern="false" name="BILL_HOLD_CODE" displayName=""/>
    <Field xmlns:xsi="http://www.w3.org/2001/XMLSchema-instance" xsi:type="BigIntegerFieldDef" encrypt="false" nameInSource="MSG_GRP_ID" system="false" querySynonymsFromGovern="false" name="MSG_GRP_ID"/>
    <Field xmlns:xsi="http://www.w3.org/2001/XMLSchema-instance" xsi:type="BigIntegerFieldDef" encrypt="false" nameInSource="INSERT_GRP_ID" system="false" querySynonymsFromGovern="false" name="INSERT_GRP_ID"/>
    <Field xmlns:xsi="http://www.w3.org/2001/XMLSchema-instance" xsi:type="BigIntegerFieldDef" encrypt="false" nameInSource="RATE_CLASS_DEFAULT" system="false" querySynonymsFromGovern="false" name="RATE_CLASS_DEFAULT"/>
    <Field xmlns:xsi="http://www.w3.org/2001/XMLSchema-instance" xsi:type="BigIntegerFieldDef" encrypt="false" nameInSource="RATE_CLASS_SPECIAL" system="false" querySynonymsFromGovern="false" name="RATE_CLASS_SPECIAL" displayName=""/>
    <Field xmlns:xsi="http://www.w3.org/2001/XMLSchema-instance" xsi:type="BigIntegerFieldDef" encrypt="false" nameInSource="EXRATE_CLASS" system="false" querySynonymsFromGovern="false" name="EXRATE_CLASS"/>
    <Field xmlns:xsi="http://www.w3.org/2001/XMLSchema-instance" xsi:type="BigIntegerFieldDef" encrypt="false" nameInSource="PLAN_ID_DISCOUNT" system="false" querySynonymsFromGovern="false" name="PLAN_ID_DISCOUNT" displayName=""/>
    <Field xmlns:xsi="http://www.w3.org/2001/XMLSchema-instance" xsi:type="BigIntegerFieldDef" encrypt="false" nameInSource="PLAN_ID_CREDIT" system="false" querySynonymsFromGovern="false" name="PLAN_ID_CREDIT" displayName=""/>
    <Field xmlns:xsi="http://www.w3.org/2001/XMLSchema-instance" xsi:type="BigIntegerFieldDef" encrypt="false" nameInSource="ACCOUNT_STATUS" system="false" querySynonymsFromGovern="false" name="ACCOUNT_STATUS"/>
    <Field xmlns:xsi="http://www.w3.org/2001/XMLSchema-instance" xsi:type="DateTimeFieldDef" formatPattern="M/dd/yyyy HH:mm" displayFormatPattern="dd-MMM-yyyy HH:mm:ss" timeZone="" encrypt="false" nameInSource="ACCOUNT_STATUS_DT" system="false" querySynonymsFromGovern="false" name="ACCOUNT_STATUS_DT" displayName=""/>
    <Field xmlns:xsi="http://www.w3.org/2001/XMLSchema-instance" xsi:type="StringFieldDef" maxLength="255" encrypt="false" nameInSource="DISTR_CHAN" system="false" querySynonymsFromGovern="false" name="DISTR_CHAN"/>
    <Field xmlns:xsi="http://www.w3.org/2001/XMLSchema-instance" xsi:type="StringFieldDef" maxLength="255" encrypt="false" nameInSource="SALES_CODE" system="false" querySynonymsFromGovern="false" name="SALES_CODE"/>
    <Field xmlns:xsi="http://www.w3.org/2001/XMLSchema-instance" xsi:type="BigIntegerFieldDef" encrypt="false" nameInSource="MKT_CODE" system="false" querySynonymsFromGovern="false" name="MKT_CODE"/>
    <Field xmlns:xsi="http://www.w3.org/2001/XMLSchema-instance" xsi:type="BigIntegerFieldDef" encrypt="false" nameInSource="SIC_CODE" system="false" querySynonymsFromGovern="false" name="SIC_CODE" displayName=""/>
    <Field xmlns:xsi="http://www.w3.org/2001/XMLSchema-instance" xsi:type="StringFieldDef" maxLength="255" encrypt="false" nameInSource="IN_USE" system="false" querySynonymsFromGovern="false" name="IN_USE"/>
    <Field xmlns:xsi="http://www.w3.org/2001/XMLSchema-instance" xsi:type="BigIntegerFieldDef" encrypt="false" nameInSource="NO_BILL" system="false" querySynonymsFromGovern="false" name="NO_BILL"/>
    <Field xmlns:xsi="http://www.w3.org/2001/XMLSchema-instance" xsi:type="BigIntegerFieldDef" encrypt="false" nameInSource="COLLECTION_INDICATOR" system="false" querySynonymsFromGovern="false" name="COLLECTION_INDICATOR"/>
    <Field xmlns:xsi="http://www.w3.org/2001/XMLSchema-instance" xsi:type="BigIntegerFieldDef" encrypt="false" nameInSource="COLLECTION_STATUS" system="false" querySynonymsFromGovern="false" name="COLLECTION_STATUS"/>
    <Field xmlns:xsi="http://www.w3.org/2001/XMLSchema-instance" xsi:type="StringFieldDef" maxLength="255" encrypt="false" nameInSource="COLLECTION_HISTORY" system="false" querySynonymsFromGovern="false" name="COLLECTION_HISTORY" displayName=""/>
    <Field xmlns:xsi="http://www.w3.org/2001/XMLSchema-instance" xsi:type="BigIntegerFieldDef" encrypt="false" nameInSource="VIP_CODE" system="false" querySynonymsFromGovern="false" name="VIP_CODE"/>
    <Field xmlns:xsi="http://www.w3.org/2001/XMLSchema-instance" xsi:type="StringFieldDef" maxLength="255" encrypt="false" nameInSource="PURCHASE_ORDER" system="false" querySynonymsFromGovern="false" name="PURCHASE_ORDER"/>
    <Field xmlns:xsi="http://www.w3.org/2001/XMLSchema-instance" xsi:type="StringFieldDef" maxLength="255" encrypt="false" nameInSource="CODEWORD" system="false" querySynonymsFromGovern="false" name="CODEWORD"/>
    <Field xmlns:xsi="http://www.w3.org/2001/XMLSchema-instance" xsi:type="StringFieldDef" maxLength="255" encrypt="false" nameInSource="REMARK" system="false" querySynonymsFromGovern="false" name="REMARK"/>
    <Field xmlns:xsi="http://www.w3.org/2001/XMLSchema-instance" xsi:type="StringFieldDef" maxLength="255" encrypt="false" nameInSource="CUST_EMAIL" system="false" querySynonymsFromGovern="false" name="CUST_EMAIL"/>
    <Field xmlns:xsi="http://www.w3.org/2001/XMLSchema-instance" xsi:type="StringFieldDef" maxLength="255" encrypt="false" nameInSource="STATEMENT_TO_EMAIL" system="false" querySynonymsFromGovern="false" name="STATEMENT_TO_EMAIL"/>
    <Field xmlns:xsi="http://www.w3.org/2001/XMLSchema-instance" xsi:type="StringFieldDef" maxLength="255" encrypt="false" nameInSource="CHG_WHO" system="false" querySynonymsFromGovern="false" name="CHG_WHO"/>
    <Field xmlns:xsi="http://www.w3.org/2001/XMLSchema-instance" xsi:type="DateTimeFieldDef" formatPattern="M/dd/yyyy HH:mm" displayFormatPattern="dd-MMM-yyyy HH:mm:ss" timeZone="" encrypt="false" nameInSource="CHG_DATE" system="false" querySynonymsFromGovern="false" name="CHG_DATE" displayName=""/>
    <Field xmlns:xsi="http://www.w3.org/2001/XMLSchema-instance" xsi:type="DateTimeFieldDef" formatPattern="M/dd/yyyy HH:mm" displayFormatPattern="dd-MMM-yyyy HH:mm:ss" timeZone="" encrypt="false" nameInSource="DATE_CREATED" system="false" querySynonymsFromGovern="false" name="DATE_CREATED" displayName=""/>
    <Field xmlns:xsi="http://www.w3.org/2001/XMLSchema-instance" xsi:type="DateTimeFieldDef" formatPattern="M/d/yyyy H:mm" displayFormatPattern="dd-MMM-yyyy HH:mm:ss" timeZone="" encrypt="false" nameInSource="DATE_ACTIVE" system="false" querySynonymsFromGovern="false" name="DATE_ACTIVE" displayName=""/>
    <Field xmlns:xsi="http://www.w3.org/2001/XMLSchema-instance" xsi:type="StringFieldDef" maxLength="255" encrypt="false" nameInSource="DATE_INACTIVE" system="false" querySynonymsFromGovern="false" name="DATE_INACTIVE"/>
    <Field xmlns:xsi="http://www.w3.org/2001/XMLSchema-instance" xsi:type="StringFieldDef" maxLength="255" encrypt="false" nameInSource="NEW_CUST_BANK_SORT_CODE" system="false" querySynonymsFromGovern="false" name="NEW_CUST_BANK_SORT_CODE"/>
    <Field xmlns:xsi="http://www.w3.org/2001/XMLSchema-instance" xsi:type="StringFieldDef" maxLength="255" encrypt="false" nameInSource="CLEARING_HOUSE_ID" system="false" querySynonymsFromGovern="false" name="CLEARING_HOUSE_ID"/>
    <Field xmlns:xsi="http://www.w3.org/2001/XMLSchema-instance" xsi:type="BigIntegerFieldDef" encrypt="false" nameInSource="REV_RCV_COST_CTR" system="false" querySynonymsFromGovern="false" name="REV_RCV_COST_CTR"/>
    <Field xmlns:xsi="http://www.w3.org/2001/XMLSchema-instance" xsi:type="BigIntegerFieldDef" encrypt="false" nameInSource="OWNING_COST_CTR" system="false" querySynonymsFromGovern="false" name="OWNING_COST_CTR"/>
    <Field xmlns:xsi="http://www.w3.org/2001/XMLSchema-instance" xsi:type="BigIntegerFieldDef" encrypt="false" nameInSource="ACCT_SEG_ID" system="false" querySynonymsFromGovern="false" name="ACCT_SEG_ID"/>
    <Field xmlns:xsi="http://www.w3.org/2001/XMLSchema-instance" xsi:type="BigIntegerFieldDef" encrypt="false" nameInSource="CONVERTED" system="false" querySynonymsFromGovern="false" name="CONVERTED"/>
    <Field xmlns:xsi="http://www.w3.org/2001/XMLSchema-instance" xsi:type="StringFieldDef" maxLength="255" encrypt="false" nameInSource="BANK_AGENCY_NAME" system="false" querySynonymsFromGovern="false" name="BANK_AGENCY_NAME"/>
    <Field xmlns:xsi="http://www.w3.org/2001/XMLSchema-instance" xsi:type="StringFieldDef" maxLength="255" encrypt="false" nameInSource="BANK_AGENCY_CODE" system="false" querySynonymsFromGovern="false" name="BANK_AGENCY_CODE"/>
    <Field xmlns:xsi="http://www.w3.org/2001/XMLSchema-instance" xsi:type="BigIntegerFieldDef" encrypt="false" nameInSource="CHARGE_THRESHOLD" system="false" querySynonymsFromGovern="false" name="CHARGE_THRESHOLD"/>
    <Field xmlns:xsi="http://www.w3.org/2001/XMLSchema-instance" xsi:type="BigIntegerFieldDef" encrypt="false" nameInSource="THRESHOLD" system="false" querySynonymsFromGovern="false" name="THRESHOLD"/>
    <Field xmlns:xsi="http://www.w3.org/2001/XMLSchema-instance" xsi:type="BigIntegerFieldDef" encrypt="false" nameInSource="CYCLICAL_THRESHOLD" system="false" querySynonymsFromGovern="false" name="CYCLICAL_THRESHOLD"/>
    <Field xmlns:xsi="http://www.w3.org/2001/XMLSchema-instance" xsi:type="BigIntegerFieldDef" encrypt="false" nameInSource="USG_AMT_LIMIT" system="false" querySynonymsFromGovern="false" name="USG_AMT_LIMIT" displayName=""/>
    <Field xmlns:xsi="http://www.w3.org/2001/XMLSchema-instance" xsi:type="BigIntegerFieldDef" encrypt="false" nameInSource="USG_UNITS_LIMIT" system="false" querySynonymsFromGovern="false" name="USG_UNITS_LIMIT" displayName=""/>
    <Field xmlns:xsi="http://www.w3.org/2001/XMLSchema-instance" xsi:type="BigIntegerFieldDef" encrypt="false" nameInSource="REGULATORY_ID" system="false" querySynonymsFromGovern="false" name="REGULATORY_ID"/>
    <Field xmlns:xsi="http://www.w3.org/2001/XMLSchema-instance" xsi:type="BigIntegerFieldDef" encrypt="false" nameInSource="GLOBAL_CONTRACT_STATUS" system="false" querySynonymsFromGovern="false" name="GLOBAL_CONTRACT_STATUS"/>
    <Field xmlns:xsi="http://www.w3.org/2001/XMLSchema-instance" xsi:type="StringFieldDef" maxLength="255" encrypt="false" nameInSource="ALT_LNAME" system="false" querySynonymsFromGovern="false" name="ALT_LNAME"/>
    <Field xmlns:xsi="http://www.w3.org/2001/XMLSchema-instance" xsi:type="StringFieldDef" maxLength="255" encrypt="false" nameInSource="ALT_FNAME" system="false" querySynonymsFromGovern="false" name="ALT_FNAME"/>
    <Field xmlns:xsi="http://www.w3.org/2001/XMLSchema-instance" xsi:type="StringFieldDef" maxLength="255" encrypt="false" nameInSource="ALT_COMPANY_NAME" system="false" querySynonymsFromGovern="false" name="ALT_COMPANY_NAME"/>
    <Field xmlns:xsi="http://www.w3.org/2001/XMLSchema-instance" xsi:type="StringFieldDef" maxLength="255" encrypt="false" nameInSource="BANK_CODE" system="false" querySynonymsFromGovern="false" name="BANK_CODE"/>
    <Field xmlns:xsi="http://www.w3.org/2001/XMLSchema-instance" xsi:type="BigIntegerFieldDef" encrypt="false" nameInSource="BANK_ACCOUNT_TYPE" system="false" querySynonymsFromGovern="false" name="BANK_ACCOUNT_TYPE" displayName=""/>
    <Field xmlns:xsi="http://www.w3.org/2001/XMLSchema-instance" xsi:type="StringFieldDef" maxLength="255" encrypt="false" nameInSource="BRANCH_NAME" system="false" querySynonymsFromGovern="false" name="BRANCH_NAME"/>
    <Field xmlns:xsi="http://www.w3.org/2001/XMLSchema-instance" xsi:type="StringFieldDef" maxLength="255" encrypt="false" nameInSource="BRANCH_CODE" system="false" querySynonymsFromGovern="false" name="BRANCH_CODE"/>
    <Field xmlns:xsi="http://www.w3.org/2001/XMLSchema-instance" xsi:type="BigIntegerFieldDef" encrypt="false" nameInSource="GENDER" system="false" querySynonymsFromGovern="false" name="GENDER" displayName=""/>
    <Field xmlns:xsi="http://www.w3.org/2001/XMLSchema-instance" xsi:type="StringFieldDef" maxLength="255" encrypt="false" nameInSource="DEPT" system="false" querySynonymsFromGovern="false" name="DEPT"/>
    <Field xmlns:xsi="http://www.w3.org/2001/XMLSchema-instance" xsi:type="StringFieldDef" maxLength="255" encrypt="false" nameInSource="TITLE" system="false" querySynonymsFromGovern="false" name="TITLE"/>
    <IdentityField fieldName="ACCOUNT_NO"/>
</ns3:RecordDef>
