<?xml version="1.0" encoding="UTF-8" standalone="yes"?>
<ns3:RecordDef xmlns="com/infogix/component/metadatamgmt/export/fdt" xmlns:ns2="com/infogix/component/metadatamgmt/export/fdt/screen" xmlns:ns3="com.infogix.component.metadatamgmt.export.fdt" name="10ff5df6be05450a942753f7861a0a7a_ds" displayName="Data_Element_Rules_Output">
    <Field xmlns:xsi="http://www.w3.org/2001/XMLSchema-instance" xsi:type="StringFieldDef" maxLength="250" autoId="false" encrypt="false" secure="false" hideWhenSecure="false" maskPatternType="SHOW_NONE" system="false" querySynonymsFromGovern="false" name="DATA_ENTITY_NAME" displayName="DATA_ENTITY_NAME"/>
    <Field xmlns:xsi="http://www.w3.org/2001/XMLSchema-instance" xsi:type="StringFieldDef" maxLength="250" autoId="false" encrypt="false" secure="false" hideWhenSecure="false" maskPatternType="SHOW_NONE" system="false" querySynonymsFromGovern="false" name="DATA_ENTITY_UID" displayName="DATA_ENTITY_UID"/>
    <Field xmlns:xsi="http://www.w3.org/2001/XMLSchema-instance" xsi:type="StringFieldDef" maxLength="250" autoId="false" encrypt="false" secure="false" hideWhenSecure="false" maskPatternType="SHOW_NONE" system="false" querySynonymsFromGovern="false" name="DATA_ELEMENT_NAME" displayName=""/>
    <Field xmlns:xsi="http://www.w3.org/2001/XMLSchema-instance" xsi:type="StringFieldDef" maxLength="250" autoId="false" encrypt="false" secure="false" hideWhenSecure="false" maskPatternType="SHOW_NONE" system="false" querySynonymsFromGovern="false" name="DATA_ELEMENT_UID" displayName="DATA_ELEMENT_UID"/>
    <Field xmlns:xsi="http://www.w3.org/2001/XMLSchema-instance" xsi:type="StringFieldDef" maxLength="250" autoId="false" encrypt="false" secure="false" hideWhenSecure="false" maskPatternType="SHOW_NONE" system="false" querySynonymsFromGovern="false" name="RULE_TYPE" displayName="RULE_TYPE"/>
    <Field xmlns:xsi="http://www.w3.org/2001/XMLSchema-instance" xsi:type="StringFieldDef" maxLength="250" autoId="false" encrypt="false" secure="false" hideWhenSecure="false" maskPatternType="SHOW_NONE" system="false" querySynonymsFromGovern="false" name="RULE_NAME" displayName="RULE_NAME"/>
    <Field xmlns:xsi="http://www.w3.org/2001/XMLSchema-instance" xsi:type="StringFieldDef" maxLength="250" autoId="false" encrypt="false" secure="false" hideWhenSecure="false" maskPatternType="SHOW_NONE" system="false" querySynonymsFromGovern="false" name="RULE_UID" displayName="RULE_UID"/>
    <Field xmlns:xsi="http://www.w3.org/2001/XMLSchema-instance" xsi:type="StringFieldDef" maxLength="250" autoId="false" encrypt="false" secure="false" hideWhenSecure="false" maskPatternType="SHOW_NONE" system="false" querySynonymsFromGovern="false" name="RULE_DESCRIPTION" displayName="RULE_DESCRIPTION"/>
    <Field xmlns:xsi="http://www.w3.org/2001/XMLSchema-instance" xsi:type="StringFieldDef" maxLength="250" autoId="false" encrypt="false" secure="false" hideWhenSecure="false" maskPatternType="SHOW_NONE" system="false" querySynonymsFromGovern="false" name="RULE_STATUS" displayName="RULE_STATUS"/>
    <Field xmlns:xsi="http://www.w3.org/2001/XMLSchema-instance" xsi:type="StringFieldDef" maxLength="250" autoId="false" encrypt="false" secure="false" hideWhenSecure="false" maskPatternType="SHOW_NONE" system="false" querySynonymsFromGovern="false" name="DIMENSION" displayName="DIMENSION"/>
    <Field xmlns:xsi="http://www.w3.org/2001/XMLSchema-instance" xsi:type="DecimalFieldDef" roundingType="" totalTallyField="false" autoId="false" encrypt="false" secure="false" hideWhenSecure="false" maskPatternType="SHOW_NONE" system="false" querySynonymsFromGovern="false" name="THRESHOLD" displayName="THRESHOLD"/>
    <Field xmlns:xsi="http://www.w3.org/2001/XMLSchema-instance" xsi:type="BooleanFieldDef" autoId="false" encrypt="false" secure="false" hideWhenSecure="false" maskPatternType="SHOW_NONE" system="false" querySynonymsFromGovern="false" name="CONSIDER_NULL_AS_BLANK" displayName="CONSIDER_NULL_AS_BLANK"/>
    <Field xmlns:xsi="http://www.w3.org/2001/XMLSchema-instance" xsi:type="BooleanFieldDef" autoId="false" encrypt="false" secure="false" hideWhenSecure="false" maskPatternType="SHOW_NONE" system="false" querySynonymsFromGovern="false" name="CONSIDER_ALL_SPACES_AS_BLANK" displayName="CONSIDER_ALL_SPACES_AS_BLANK"/>
    <Field xmlns:xsi="http://www.w3.org/2001/XMLSchema-instance" xsi:type="StringFieldDef" maxLength="255" autoId="false" encrypt="false" secure="false" hideWhenSecure="false" maskPatternType="SHOW_NONE" system="false" querySynonymsFromGovern="false" name="PRE_CONDITION_ATTRIBUTE" displayName="PRE_CONDITION_ATTRIBUTE"/>
    <Field xmlns:xsi="http://www.w3.org/2001/XMLSchema-instance" xsi:type="StringFieldDef" maxLength="255" autoId="false" encrypt="false" secure="false" hideWhenSecure="false" maskPatternType="SHOW_NONE" system="false" querySynonymsFromGovern="false" name="PRE_CONDITION_OPERATOR" displayName="PRE_CONDITION_OPERATOR"/>
    <Field xmlns:xsi="http://www.w3.org/2001/XMLSchema-instance" xsi:type="StringFieldDef" maxLength="255" autoId="false" encrypt="false" secure="false" hideWhenSecure="false" maskPatternType="SHOW_NONE" system="false" querySynonymsFromGovern="false" name="PRE_CONDITION_VALUE" displayName="PRE_CONDITION_VALUE"/>
    <Field xmlns:xsi="http://www.w3.org/2001/XMLSchema-instance" xsi:type="BooleanFieldDef" autoId="false" encrypt="false" secure="false" hideWhenSecure="false" maskPatternType="SHOW_NONE" system="false" querySynonymsFromGovern="false" name="PRE_CONDITION_VALUE_CASE_SENSITIVE" displayName="PRE_CONDITION_VALUE_CASE_SENSITIVE"/>
    <Field xmlns:xsi="http://www.w3.org/2001/XMLSchema-instance" xsi:type="StringFieldDef" maxLength="255" autoId="false" encrypt="false" secure="false" hideWhenSecure="false" maskPatternType="SHOW_NONE" system="false" querySynonymsFromGovern="false" name="RULE_OPERATOR" displayName="RULE_OPERATOR"/>
    <Field xmlns:xsi="http://www.w3.org/2001/XMLSchema-instance" xsi:type="StringFieldDef" maxLength="255" autoId="false" encrypt="false" secure="false" hideWhenSecure="false" maskPatternType="SHOW_NONE" system="false" querySynonymsFromGovern="false" name="RULE_VALUE" displayName="RULE_VALUE"/>
    <Field xmlns:xsi="http://www.w3.org/2001/XMLSchema-instance" xsi:type="BooleanFieldDef" autoId="false" encrypt="false" secure="false" hideWhenSecure="false" maskPatternType="SHOW_NONE" system="false" querySynonymsFromGovern="false" name="RULE_VALUE_CASE_SENSITIVE" displayName="RULE_VALUE_CASE_SENSITIVE"/>
    <Field xmlns:xsi="http://www.w3.org/2001/XMLSchema-instance" xsi:type="StringFieldDef" maxLength="255" autoId="false" encrypt="false" secure="false" hideWhenSecure="false" maskPatternType="SHOW_NONE" system="false" querySynonymsFromGovern="false" name="TREAT_BLANK_OR_NULL_AS" displayName="TREAT_BLANK_OR_NULL_AS"/>
    <Field xmlns:xsi="http://www.w3.org/2001/XMLSchema-instance" xsi:type="StringFieldDef" maxLength="255" autoId="false" encrypt="false" secure="false" hideWhenSecure="false" maskPatternType="SHOW_NONE" system="false" querySynonymsFromGovern="false" name="REFERENCE_LIST" displayName="REFERENCE_LIST"/>
    <Field xmlns:xsi="http://www.w3.org/2001/XMLSchema-instance" xsi:type="BooleanFieldDef" autoId="false" encrypt="false" secure="false" hideWhenSecure="false" maskPatternType="SHOW_NONE" system="false" querySynonymsFromGovern="false" name="MATCH_REFERENCE_LIST" displayName="MATCH_REFERENCE_LIST"/>
    <Field xmlns:xsi="http://www.w3.org/2001/XMLSchema-instance" xsi:type="StringFieldDef" maxLength="4000" autoId="false" encrypt="false" secure="false" hideWhenSecure="false" maskPatternType="SHOW_NONE" system="false" querySynonymsFromGovern="false" name="REFERENCE_LIST_DATA" displayName="REFERENCE_LIST_DATA"/>
    <Field xmlns:xsi="http://www.w3.org/2001/XMLSchema-instance" xsi:type="StringFieldDef" maxLength="255" autoId="false" encrypt="false" secure="false" hideWhenSecure="false" maskPatternType="SHOW_NONE" system="false" querySynonymsFromGovern="false" name="REGULAR_EXPRESSION" displayName="REGULAR_EXPRESSION"/>
    <Field xmlns:xsi="http://www.w3.org/2001/XMLSchema-instance" xsi:type="BooleanFieldDef" autoId="false" encrypt="false" secure="false" hideWhenSecure="false" maskPatternType="SHOW_NONE" system="false" querySynonymsFromGovern="false" name="MATCH_REGULAR_EXPRESSION" displayName="MATCH_REGULAR_EXPRESSION"/>
    <Field xmlns:xsi="http://www.w3.org/2001/XMLSchema-instance" xsi:type="IntegerFieldDef" precision="19" autoId="false" encrypt="false" secure="false" hideWhenSecure="false" maskPatternType="SHOW_NONE" system="false" querySynonymsFromGovern="false" name="LOWER_BOUND" displayName="LOWER_BOUND"/>
    <Field xmlns:xsi="http://www.w3.org/2001/XMLSchema-instance" xsi:type="BooleanFieldDef" autoId="false" encrypt="false" secure="false" hideWhenSecure="false" maskPatternType="SHOW_NONE" system="false" querySynonymsFromGovern="false" name="LOWER_BOUND_INCLUSIVE" displayName="LOWER_BOUND_INCLUSIVE"/>
    <Field xmlns:xsi="http://www.w3.org/2001/XMLSchema-instance" xsi:type="IntegerFieldDef" precision="19" autoId="false" encrypt="false" secure="false" hideWhenSecure="false" maskPatternType="SHOW_NONE" system="false" querySynonymsFromGovern="false" name="UPPER_BOUND" displayName="UPPER_BOUND"/>
    <Field xmlns:xsi="http://www.w3.org/2001/XMLSchema-instance" xsi:type="BooleanFieldDef" autoId="false" encrypt="false" secure="false" hideWhenSecure="false" maskPatternType="SHOW_NONE" system="false" querySynonymsFromGovern="false" name="UPPER_BOUND_INCLUSIVE" displayName="UPPER_BOUND_INCLUSIVE"/>
    <Field xmlns:xsi="http://www.w3.org/2001/XMLSchema-instance" xsi:type="BooleanFieldDef" autoId="false" encrypt="false" secure="false" hideWhenSecure="false" maskPatternType="SHOW_NONE" system="false" querySynonymsFromGovern="false" name="WITHIN_RANGE" displayName="WITHIN_RANGE"/>
    <Field xmlns:xsi="http://www.w3.org/2001/XMLSchema-instance" xsi:type="StringFieldDef" maxLength="255" autoId="false" encrypt="false" secure="false" hideWhenSecure="false" maskPatternType="SHOW_NONE" system="false" querySynonymsFromGovern="false" name="RULE_ATTRIBUTE_DATA_TYPE" displayName="RULE_ATTRIBUTE_DATA_TYPE"/>
    <Field xmlns:xsi="http://www.w3.org/2001/XMLSchema-instance" xsi:type="StringFieldDef" maxLength="255" autoId="false" encrypt="false" secure="false" hideWhenSecure="false" maskPatternType="SHOW_NONE" system="false" querySynonymsFromGovern="false" name="JS_EXPRESSION" displayName="JS_EXPRESSION"/>
    <Field xmlns:xsi="http://www.w3.org/2001/XMLSchema-instance" xsi:type="BooleanFieldDef" autoId="false" encrypt="false" secure="false" hideWhenSecure="false" maskPatternType="SHOW_NONE" system="false" querySynonymsFromGovern="false" name="MATCH_JS_EXPRESSION" displayName="MATCH_JS_EXPRESSION"/>
    <Field xmlns:xsi="http://www.w3.org/2001/XMLSchema-instance" xsi:type="StringFieldDef" maxLength="255" autoId="false" encrypt="false" secure="false" hideWhenSecure="false" maskPatternType="SHOW_NONE" system="false" querySynonymsFromGovern="false" name="DATA_ELEMENT_GROUP" displayName="DATA_ELEMENT_GROUP"/>
    <Field xmlns:xsi="http://www.w3.org/2001/XMLSchema-instance" xsi:type="StringFieldDef" maxLength="255" autoId="false" encrypt="false" secure="false" hideWhenSecure="false" maskPatternType="SHOW_NONE" system="false" querySynonymsFromGovern="false" name="RE_HANDLE_BLANK_NULL_AS" displayName="RE_HANDLE_BLANK_NULL_AS"/>
    <Field xmlns:xsi="http://www.w3.org/2001/XMLSchema-instance" xsi:type="StringFieldDef" maxLength="255" autoId="false" encrypt="false" secure="false" hideWhenSecure="false" maskPatternType="SHOW_NONE" system="false" querySynonymsFromGovern="false" name="DATA_ELEMENT_GROUP_HANDLING" displayName="DATA_ELEMENT_GROUP_HANDLING"/>
    <Field xmlns:xsi="http://www.w3.org/2001/XMLSchema-instance" xsi:type="DateTimeFieldDef" timeZone="" autoId="false" encrypt="false" secure="false" hideWhenSecure="false" maskPatternType="SHOW_NONE" system="false" querySynonymsFromGovern="false" name="DATA_ENTITY_CREATED_ON" displayName="DATA_ENTITY_CREATED_ON"/>
    <Field xmlns:xsi="http://www.w3.org/2001/XMLSchema-instance" xsi:type="DateTimeFieldDef" timeZone="" autoId="false" encrypt="false" secure="false" hideWhenSecure="false" maskPatternType="SHOW_NONE" system="false" querySynonymsFromGovern="false" name="DATA_ENTITY_UPDATED_ON" displayName="DATA_ENTITY_UPDATED_ON"/>
    <Field xmlns:xsi="http://www.w3.org/2001/XMLSchema-instance" xsi:type="DateTimeFieldDef" timeZone="" autoId="false" encrypt="false" secure="false" hideWhenSecure="false" maskPatternType="SHOW_NONE" system="false" querySynonymsFromGovern="false" name="DATA_ELEMENT_CREATED_ON" displayName="DATA_ELEMENT_CREATED_ON"/>
    <Field xmlns:xsi="http://www.w3.org/2001/XMLSchema-instance" xsi:type="DateTimeFieldDef" timeZone="" autoId="false" encrypt="false" secure="false" hideWhenSecure="false" maskPatternType="SHOW_NONE" system="false" querySynonymsFromGovern="false" name="DATA_ELEMENT_UPDATED_ON" displayName="DATA_ELEMENT_UPDATED_ON"/>
    <Field xmlns:xsi="http://www.w3.org/2001/XMLSchema-instance" xsi:type="DateTimeFieldDef" timeZone="" autoId="false" encrypt="false" secure="false" hideWhenSecure="false" maskPatternType="SHOW_NONE" system="false" querySynonymsFromGovern="false" name="RULE_CREATED_ON" displayName="RULE_CREATED_ON"/>
    <Field xmlns:xsi="http://www.w3.org/2001/XMLSchema-instance" xsi:type="DateTimeFieldDef" timeZone="" autoId="false" encrypt="false" secure="false" hideWhenSecure="false" maskPatternType="SHOW_NONE" system="false" querySynonymsFromGovern="false" name="RULE_UPDATED_ON" displayName="RULE_UPDATED_ON"/>
    <Field xmlns:xsi="http://www.w3.org/2001/XMLSchema-instance" xsi:type="StringFieldDef" maxLength="255" autoId="false" encrypt="false" secure="false" hideWhenSecure="false" maskPatternType="SHOW_NONE" system="false" querySynonymsFromGovern="false" name="D3S_PROCESS_ID" displayName="D3S_PROCESS_ID"/>
    <Field xmlns:xsi="http://www.w3.org/2001/XMLSchema-instance" xsi:type="StringFieldDef" maxLength="255" autoId="false" encrypt="false" secure="false" hideWhenSecure="false" maskPatternType="SHOW_NONE" system="false" querySynonymsFromGovern="false" name="D3S_WORK_ID" displayName="D3S_WORK_ID"/>
    <Field xmlns:xsi="http://www.w3.org/2001/XMLSchema-instance" xsi:type="StringFieldDef" maxLength="255" autoId="false" encrypt="false" secure="false" hideWhenSecure="false" maskPatternType="SHOW_NONE" system="false" querySynonymsFromGovern="false" name="D3S_RECORD_ID" displayName="D3S_RECORD_ID"/>
    <Field xmlns:xsi="http://www.w3.org/2001/XMLSchema-instance" xsi:type="DateTimeFieldDef" timeZone="" autoId="false" encrypt="false" secure="false" hideWhenSecure="false" maskPatternType="SHOW_NONE" system="false" querySynonymsFromGovern="false" name="D3S_SYSTEM_CREATED_TS" displayName="D3S_SYSTEM_CREATED_TS"/>
    <Field xmlns:xsi="http://www.w3.org/2001/XMLSchema-instance" xsi:type="DateTimeFieldDef" timeZone="" autoId="false" encrypt="false" secure="false" hideWhenSecure="false" maskPatternType="SHOW_NONE" system="false" querySynonymsFromGovern="false" name="D3S_SYSTEM_UPDATED_TS" displayName="D3S_SYSTEM_UPDATED_TS"/>
    <Field xmlns:xsi="http://www.w3.org/2001/XMLSchema-instance" xsi:type="BigIntegerFieldDef" autoId="false" encrypt="false" secure="false" hideWhenSecure="false" maskPatternType="SHOW_NONE" system="false" querySynonymsFromGovern="false" name="D3S_SYSTEM_RECORD_VERSION" displayName="D3S_SYSTEM_RECORD_VERSION"/>
    <Field xmlns:xsi="http://www.w3.org/2001/XMLSchema-instance" xsi:type="BigIntegerFieldDef" autoId="false" encrypt="false" secure="false" hideWhenSecure="false" maskPatternType="SHOW_NONE" system="false" querySynonymsFromGovern="false" name="D3S_USER_DEFINED_1" displayName="D3S_USER_DEFINED_1"/>
    <Field xmlns:xsi="http://www.w3.org/2001/XMLSchema-instance" xsi:type="BigIntegerFieldDef" autoId="false" encrypt="false" secure="false" hideWhenSecure="false" maskPatternType="SHOW_NONE" system="false" querySynonymsFromGovern="false" name="D3S_USER_DEFINED_2" displayName="D3S_USER_DEFINED_2"/>
    <Field xmlns:xsi="http://www.w3.org/2001/XMLSchema-instance" xsi:type="DateFieldDef" timeZone="" autoId="false" encrypt="false" secure="false" hideWhenSecure="false" maskPatternType="SHOW_NONE" system="false" querySynonymsFromGovern="false" name="D3S_USER_DEFINED_3" displayName="D3S_USER_DEFINED_3"/>
    <Field xmlns:xsi="http://www.w3.org/2001/XMLSchema-instance" xsi:type="DateFieldDef" timeZone="" autoId="false" encrypt="false" secure="false" hideWhenSecure="false" maskPatternType="SHOW_NONE" system="false" querySynonymsFromGovern="false" name="D3S_USER_DEFINED_4" displayName="D3S_USER_DEFINED_4"/>
    <Field xmlns:xsi="http://www.w3.org/2001/XMLSchema-instance" xsi:type="DateTimeFieldDef" timeZone="" autoId="false" encrypt="false" secure="false" hideWhenSecure="false" maskPatternType="SHOW_NONE" system="false" querySynonymsFromGovern="false" name="D3S_USER_DEFINED_5" displayName="D3S_USER_DEFINED_5"/>
    <Field xmlns:xsi="http://www.w3.org/2001/XMLSchema-instance" xsi:type="DateTimeFieldDef" timeZone="" autoId="false" encrypt="false" secure="false" hideWhenSecure="false" maskPatternType="SHOW_NONE" system="false" querySynonymsFromGovern="false" name="D3S_USER_DEFINED_6" displayName="D3S_USER_DEFINED_6"/>
    <Field xmlns:xsi="http://www.w3.org/2001/XMLSchema-instance" xsi:type="StringFieldDef" maxLength="255" autoId="false" encrypt="false" secure="false" hideWhenSecure="false" maskPatternType="SHOW_NONE" system="false" querySynonymsFromGovern="false" name="D3S_USER_DEFINED_7" displayName="D3S_USER_DEFINED_7"/>
    <Field xmlns:xsi="http://www.w3.org/2001/XMLSchema-instance" xsi:type="StringFieldDef" maxLength="255" autoId="false" encrypt="false" secure="false" hideWhenSecure="false" maskPatternType="SHOW_NONE" system="false" querySynonymsFromGovern="false" name="D3S_USER_DEFINED_8" displayName="D3S_USER_DEFINED_8"/>
    <Field xmlns:xsi="http://www.w3.org/2001/XMLSchema-instance" xsi:type="StringFieldDef" maxLength="255" autoId="false" encrypt="false" secure="false" hideWhenSecure="false" maskPatternType="SHOW_NONE" system="false" querySynonymsFromGovern="false" name="D3S_USER_DEFINED_9" displayName="D3S_USER_DEFINED_9"/>
    <Field xmlns:xsi="http://www.w3.org/2001/XMLSchema-instance" xsi:type="StringFieldDef" maxLength="255" autoId="false" encrypt="false" secure="false" hideWhenSecure="false" maskPatternType="SHOW_NONE" system="false" querySynonymsFromGovern="false" name="D3S_USER_DEFINED_10" displayName="D3S_USER_DEFINED_10"/>
    <Field xmlns:xsi="http://www.w3.org/2001/XMLSchema-instance" xsi:type="StringFieldDef" maxLength="255" autoId="false" encrypt="false" secure="false" hideWhenSecure="false" maskPatternType="SHOW_NONE" system="false" querySynonymsFromGovern="false" name="D3S_USER_DEFINED_11" displayName="D3S_USER_DEFINED_11"/>
    <Field xmlns:xsi="http://www.w3.org/2001/XMLSchema-instance" xsi:type="StringFieldDef" maxLength="255" autoId="false" encrypt="false" secure="false" hideWhenSecure="false" maskPatternType="SHOW_NONE" system="false" querySynonymsFromGovern="false" name="D3S_USER_DEFINED_12" displayName="D3S_USER_DEFINED_12"/>
    <Field xmlns:xsi="http://www.w3.org/2001/XMLSchema-instance" xsi:type="IntegerFieldDef" precision="19" autoId="false" encrypt="false" secure="false" hideWhenSecure="false" maskPatternType="SHOW_NONE" system="false" querySynonymsFromGovern="false" name="DELETE_FLAG" displayName="DELETE_FLAG"/>
</ns3:RecordDef>
