<?xml version="1.0" encoding="UTF-8" standalone="yes"?>
<ns3:RecordDef xmlns="com/infogix/component/metadatamgmt/export/fdt" xmlns:ns2="com/infogix/component/metadatamgmt/export/fdt/screen" xmlns:ns3="com.infogix.component.metadatamgmt.export.fdt" identityFieldsUnique="false" externallyDefined="false" externallyDefinedIDFields="false" locallyModifiedIDFields="false" allowAccessOnQueryFilterFallthrough="false" allowAccessOnEditFilterFallthrough="false" name="af9a150410a74e098f0ac6eb6acdd95e" displayName="CUSTOMER_ID_ACCT_MAP_Input">
    <Field xmlns:xsi="http://www.w3.org/2001/XMLSchema-instance" xsi:type="StringFieldDef" maxLength="144" encrypt="false" nameInSource="EXTERNAL_ID" system="false" querySynonymsFromGovern="false" name="EXTERNAL_ID" displayName=""/>
    <Field xmlns:xsi="http://www.w3.org/2001/XMLSchema-instance" xsi:type="BigIntegerFieldDef" encrypt="false" nameInSource="ACCOUNT_NO" system="false" querySynonymsFromGovern="false" name="ACCOUNT_NO"/>
    <Field xmlns:xsi="http://www.w3.org/2001/XMLSchema-instance" xsi:type="BigIntegerFieldDef" encrypt="false" nameInSource="EXTERNAL_ID_TYPE" system="false" querySynonymsFromGovern="false" name="EXTERNAL_ID_TYPE"/>
    <Field xmlns:xsi="http://www.w3.org/2001/XMLSchema-instance" xsi:type="BigIntegerFieldDef" encrypt="false" nameInSource="IS_CURRENT" system="false" querySynonymsFromGovern="false" name="IS_CURRENT"/>
    <Field xmlns:xsi="http://www.w3.org/2001/XMLSchema-instance" xsi:type="DateTimeFieldDef" formatPattern="M/dd/yyyy H:mm" displayFormatPattern="dd-MMM-yyyy HH:mm:ss" timeZone="" encrypt="false" nameInSource="ACTIVE_DATE" system="false" querySynonymsFromGovern="false" name="ACTIVE_DATE" displayName=""/>
    <Field xmlns:xsi="http://www.w3.org/2001/XMLSchema-instance" xsi:type="DateTimeFieldDef" formatPattern="M/dd/yyyy H:mm" displayFormatPattern="dd-MMM-yyyy HH:mm:ss" timeZone="" encrypt="false" nameInSource="INACTIVE_DATE" system="false" querySynonymsFromGovern="false" name="INACTIVE_DATE" displayName=""/>
    <Field xmlns:xsi="http://www.w3.org/2001/XMLSchema-instance" xsi:type="StringFieldDef" maxLength="255" encrypt="false" nameInSource="BILL_LNAME" system="false" querySynonymsFromGovern="false" name="BILL_LNAME"/>
    <Field xmlns:xsi="http://www.w3.org/2001/XMLSchema-instance" xsi:type="BigIntegerFieldDef" encrypt="false" nameInSource="CURRENCY_CODE" system="false" querySynonymsFromGovern="false" name="CURRENCY_CODE"/>
    <Field xmlns:xsi="http://www.w3.org/2001/XMLSchema-instance" xsi:type="StringFieldDef" maxLength="255" encrypt="false" nameInSource="CONTACT1_PHONE" system="false" querySynonymsFromGovern="false" name="CONTACT1_PHONE" displayName=""/>
    <Field xmlns:xsi="http://www.w3.org/2001/XMLSchema-instance" xsi:type="StringFieldDef" maxLength="255" encrypt="false" nameInSource="BILL_TITLE" system="false" querySynonymsFromGovern="false" name="BILL_TITLE"/>
    <Field xmlns:xsi="http://www.w3.org/2001/XMLSchema-instance" xsi:type="BigIntegerFieldDef" encrypt="false" nameInSource="ACCOUNT_TYPE" system="false" querySynonymsFromGovern="false" name="ACCOUNT_TYPE" displayName=""/>
    <Field xmlns:xsi="http://www.w3.org/2001/XMLSchema-instance" xsi:type="StringFieldDef" maxLength="255" encrypt="false" nameInSource="BILL_FNAME" system="false" querySynonymsFromGovern="false" name="BILL_FNAME"/>
    <Field xmlns:xsi="http://www.w3.org/2001/XMLSchema-instance" xsi:type="BigIntegerFieldDef" encrypt="false" nameInSource="PARENT_ID" system="false" querySynonymsFromGovern="false" name="PARENT_ID"/>
    <Field xmlns:xsi="http://www.w3.org/2001/XMLSchema-instance" xsi:type="BigIntegerFieldDef" encrypt="false" nameInSource="BILL_SEQUENCE_NUM" system="false" querySynonymsFromGovern="false" name="BILL_SEQUENCE_NUM"/>
    <IdentityField fieldName="EXTERNAL_ID"/>
    <IdentityField fieldName="ACCOUNT_NO"/>
</ns3:RecordDef>
