<?xml version="1.0" encoding="UTF-8" standalone="yes"?>
<ns3:RecordDef xmlns="com/infogix/component/metadatamgmt/export/fdt" xmlns:ns2="com/infogix/component/metadatamgmt/export/fdt/screen" xmlns:ns3="com.infogix.component.metadatamgmt.export.fdt" identityFieldsUnique="false" externallyDefined="false" externallyDefinedIDFields="false" locallyModifiedIDFields="false" allowAccessOnQueryFilterFallthrough="false" allowAccessOnEditFilterFallthrough="false" name="db3f623da59c4939b446df81d4ee8fc0" displayName="IGX_DS_LATEST_DS_DQ_DETAIL_SCORE">
    <Field xmlns:xsi="http://www.w3.org/2001/XMLSchema-instance" xsi:type="DateTimeFieldDef" timeZone="" semanticType="" encrypt="false" system="false" querySynonymsFromGovern="false" name="RUN_TIMESTAMP" displayName="RUN_TIMESTAMP"/>
    <Field xmlns:xsi="http://www.w3.org/2001/XMLSchema-instance" xsi:type="StringFieldDef" maxLength="250" semanticType="" encrypt="false" system="false" querySynonymsFromGovern="false" name="RR_RECORD_ID" displayName="RR_RECORD_ID"/>
    <Field xmlns:xsi="http://www.w3.org/2001/XMLSchema-instance" xsi:type="StringFieldDef" maxLength="250" semanticType="" encrypt="false" system="false" querySynonymsFromGovern="false" name="DATA_ENTITY_NAME" displayName="DATA_ENTITY_NAME"/>
    <Field xmlns:xsi="http://www.w3.org/2001/XMLSchema-instance" xsi:type="StringFieldDef" maxLength="250" semanticType="" encrypt="false" system="false" querySynonymsFromGovern="false" name="DATA_ENTITY_UID" displayName="DATA_ENTITY_UID"/>
    <Field xmlns:xsi="http://www.w3.org/2001/XMLSchema-instance" xsi:type="StringFieldDef" maxLength="250" semanticType="" encrypt="false" system="false" querySynonymsFromGovern="false" name="DATA_ELEMENT_NAME" displayName=""/>
    <Field xmlns:xsi="http://www.w3.org/2001/XMLSchema-instance" xsi:type="StringFieldDef" maxLength="250" semanticType="" encrypt="false" system="false" querySynonymsFromGovern="false" name="DATA_ELEMENT_UID" displayName="DATA_ELEMENT_UID"/>
    <Field xmlns:xsi="http://www.w3.org/2001/XMLSchema-instance" xsi:type="StringFieldDef" maxLength="250" semanticType="" encrypt="false" system="false" querySynonymsFromGovern="false" name="RULE_NAME" displayName="RULE_NAME"/>
    <Field xmlns:xsi="http://www.w3.org/2001/XMLSchema-instance" xsi:type="StringFieldDef" maxLength="250" semanticType="" encrypt="false" system="false" querySynonymsFromGovern="false" name="RULE_UID" displayName="RULE_UID"/>
    <Field xmlns:xsi="http://www.w3.org/2001/XMLSchema-instance" xsi:type="IntegerFieldDef" precision="19" semanticType="" encrypt="false" system="false" querySynonymsFromGovern="false" name="ROW_COUNT" displayName="ROW_COUNT"/>
    <Field xmlns:xsi="http://www.w3.org/2001/XMLSchema-instance" xsi:type="IntegerFieldDef" precision="19" semanticType="" encrypt="false" system="false" querySynonymsFromGovern="false" name="PASS_COUNT" displayName="PASS_COUNT"/>
    <Field xmlns:xsi="http://www.w3.org/2001/XMLSchema-instance" xsi:type="IntegerFieldDef" precision="19" semanticType="" encrypt="false" system="false" querySynonymsFromGovern="false" name="FAIL_COUNT" displayName="FAIL_COUNT"/>
    <Field xmlns:xsi="http://www.w3.org/2001/XMLSchema-instance" xsi:type="IntegerFieldDef" precision="19" semanticType="" encrypt="false" system="false" querySynonymsFromGovern="false" name="SKIP_COUNT" displayName="SKIP_COUNT"/>
    <Field xmlns:xsi="http://www.w3.org/2001/XMLSchema-instance" xsi:type="IntegerFieldDef" precision="19" semanticType="" encrypt="false" system="false" querySynonymsFromGovern="false" name="ERROR_COUNT" displayName="ERROR_COUNT"/>
    <Field xmlns:xsi="http://www.w3.org/2001/XMLSchema-instance" xsi:type="DecimalFieldDef" scale="2" roundingType="HALF_UP" semanticType="" encrypt="false" system="false" querySynonymsFromGovern="false" name="SCORE" displayName="SCORE"/>
    <Field xmlns:xsi="http://www.w3.org/2001/XMLSchema-instance" xsi:type="StringFieldDef" maxLength="255" semanticType="" encrypt="false" system="false" querySynonymsFromGovern="false" name="D3S_PROCESS_ID" displayName="D3S_PROCESS_ID"/>
    <Field xmlns:xsi="http://www.w3.org/2001/XMLSchema-instance" xsi:type="StringFieldDef" maxLength="255" semanticType="" encrypt="false" system="false" querySynonymsFromGovern="false" name="D3S_WORK_ID" displayName="D3S_WORK_ID"/>
    <Field xmlns:xsi="http://www.w3.org/2001/XMLSchema-instance" xsi:type="StringFieldDef" maxLength="255" semanticType="" encrypt="false" system="false" querySynonymsFromGovern="false" name="D3S_RECORD_ID" displayName="D3S_RECORD_ID"/>
    <Field xmlns:xsi="http://www.w3.org/2001/XMLSchema-instance" xsi:type="DateTimeFieldDef" timeZone="" semanticType="" encrypt="false" system="false" querySynonymsFromGovern="false" name="D3S_SYSTEM_CREATED_TS" displayName="D3S_SYSTEM_CREATED_TS"/>
    <IdentityField fieldName="RUN_TIMESTAMP"/>
    <IdentityField fieldName="RR_RECORD_ID"/>
    <IdentityField fieldName="DATA_ENTITY_UID"/>
    <IdentityField fieldName="DATA_ELEMENT_UID"/>
    <IdentityField fieldName="RULE_UID"/>
</ns3:RecordDef>
