<?xml version="1.0" encoding="UTF-8" standalone="yes"?>
<ns2:BomGroupExport xmlns="com/infogix/component/bombase/export/importexport/fdt" xmlns:ns2="com.infogix.component.bomgroup.export.importexport.fdt">
    <SolutionInfo appDeploymentMode="" buildDateStr="2019-10-23 09:13:54 AM CDT"/>
    <ObjectMetadata uuid="767b68b89d834438a768633ff2f0310b" objectType="processmodel" displayName="IGX_PM_Rule_Refresher"/>
    <ObjectMetadata uuid="5701bcaf6cd8495fa5dd949d6287da35" objectType="datastore" displayName="IGX_DB_DG_SCORING_CONFIG"/>
    <ObjectMetadata uuid="9c80456dca96455eaca2be884dbad07c" objectType="datastore" displayName="IGX_DS_DG_HIERARCHY"/>
    <ObjectMetadata uuid="ef3f05d4af8e4172aeb402b1a958ebe6" objectType="analysis" displayName="IGX_PRC_Rule_Refresher"/>
    <ObjectMetadata uuid="58081c0af6234c3d8fe831ec284b6663" objectType="analysis" displayName="IGX_PRC_Rule_Refresher_Log"/>
    <ObjectMetadata uuid="38472edec198499395171fc429482e03" objectType="analysis" displayName="IGX_PRC_Build_Hierarchy"/>
    <ObjectMetadata uuid="a0e82dce24d64dd4ae2c0be2868281aa" objectType="processmodel" displayName="IGX_PM_Scoring_Engine"/>
    <ObjectMetadata uuid="dbae0f3f76e34a4f98b8afea79a23898_ds" objectType="datastore" displayName="ASSET_LEVEL_TEMP"/>
    <ObjectMetadata uuid="c8d86823fbc14248bd9818f4347e50a2" objectType="analysis" displayName="IGX_PRC_Scoring_Engine_Part_A"/>
    <ObjectMetadata uuid="de0aae8f5402435bb5f6e38d393460dc" objectType="analysis" displayName="IGX_PRC_Scoring_Engine_Log"/>
    <ObjectMetadata uuid="378e4fb1be7f4b649d41ea50498babea" objectType="analysis" displayName="IGX_PRC_Scoring_Engine_Part_B"/>
    <ObjectMetadata uuid="86323d5328504b2ba3f61e5021720219" objectType="processmodel" displayName="IGX_PM_Scoring_Engine_Rollup_Score"/>
    <ObjectMetadata uuid="7ae74c1a08ac460c9cb0348ecc0b9e30" objectType="processmodel" displayName="IGX_PM_MONITOR_SR_STATUS"/>
    <ObjectMetadata uuid="e495ef369f174b2abafe10644bdb3459" objectType="analysis" displayName="IGX_PRC_MONITOR_RESULT_POSTING_STATUS"/>
    <ObjectMetadata uuid="b1ce0fbfc2dc4d00813a37fc2ce592f0" objectType="processmodel" displayName="IGX_PM_SCORE_REFRESHER"/>
    <ObjectMetadata uuid="b924a216a5c944d29ed73f88c56f8cd0" objectType="analysis" displayName="IGX_PRC_FIND_NEW_FOR_SCORE_REFRESHER"/>
    <ObjectMetadata uuid="d4eedb78c29d40d9960a19f1588aa17c" objectType="analysis" displayName="IGX_PRC_POST_SCORES_TO_GOVERN"/>
    <ObjectMetadata uuid="069245a041fb464ba4d466aad8f63506" objectType="analysis" displayName="IGX_PRC_SCORE_REFRESHER_END_LOG"/>
    <ObjectMetadata uuid="cad2ad7f041f465488b754e90943479a" objectType="analysis" displayName="IGX_PRC_Scoring_Engine_Rollup_Score"/>
    <ObjectMetadata uuid="258b34e27b8747f584561db336f86761" objectType="processmodel" displayName="IGX_PM_DASHBOARD_PREPARATION"/>
    <ObjectMetadata uuid="db3f623da59c4939b446df81d4ee8fc0" objectType="datastore" displayName="IGX_DS_LATEST_DS_DQ_DETAIL_SCORE"/>
    <ObjectMetadata uuid="d9566487f28d4b90ac20edc66081e400" objectType="datastore" displayName="IGX_DS_LATEST_DS_DQ_RESULTS"/>
    <ObjectMetadata uuid="3888d516f9d74b4a9d8b312494770bc1" objectType="analysis" displayName="IGX_PRC_DS_DQ_HIERARCHICAL_SCORE"/>
    <ObjectMetadata uuid="927c750bad824349892681594265af5b" objectType="analysis" displayName="IGX_PRC_DS_Latest_DS_DQ_Detail_Score"/>
    <ObjectMetadata uuid="52455aff848a4fc7922024f8e0c1bbce" objectType="analysis" displayName="IGX_PRC_DS_Latest_DS_DQ_Results"/>
    <ObjectMetadata uuid="d7c68159790c4dd2a36ab90cbf06ff7e" objectType="dataview" displayName="IGX_DV_LATEST_DS_DQ_DETAIL_SCORE"/>
    <ObjectMetadata uuid="4b26a3e17fd54f548c28b25371c6f4ff" objectType="dataview" displayName="IGX_DV_LATEST_DS_DQ_RESULT"/>
    <ObjectMetadata uuid="96dcef0fea2641c28ade2ad7adbebeea" objectType="dataview" displayName="IGX_DV_DS_DQ_ROLLUP_SCORE"/>
    <ObjectMetadata uuid="85cb7926821e4645951d4a71b6acdd6b" objectType="dataview" displayName="IGX_DV_DQ_HISTORICAL_HIERARCHICAL_SCORE"/>
    <ObjectMetadata uuid="5ed5429e03344c608fbdac09efdfc973" objectType="datastore" displayName="Dummy"/>
    <ObjectMetadata uuid="113d2c8c3dfa49579db80ae480cbb2df" objectType="datastore" displayName="IGX_DS_DG_DATA_ELEMENT_RULES"/>
    <ObjectMetadata uuid="1f4f8ffe31724e1e83dd2920b7acd05f" objectType="datastore" displayName="IGX_DS_DG_DATA_ELEMENT_RULES_ORG"/>
    <ObjectMetadata uuid="9f6dd943a9e34c5885407a58997715ff" objectType="datastore" displayName="IGX_DB_RULE_REFRESHER_LOG"/>
    <ObjectMetadata uuid="501a70838cdb4185a56dfed3b04cc1b1" objectType="analysis" displayName="IGX_PRC_RE_Evaluate_DQ_Rules"/>
    <ObjectMetadata uuid="f77997ea514e434f90e84ebad667a0e8" objectType="datastore" displayName="IGX_DB_SCORING_ENGINE_LOG"/>
    <ObjectMetadata uuid="43033c39a72943b19ad1d6ce0d323148" objectType="datastore" displayName="IGX_DS_DQ_ELEMENT_SCORE"/>
    <ObjectMetadata uuid="585fbedd5ffd4dcbae2b658b4c3b0eb2" objectType="datastore" displayName="IGX_DS_DQ_RULE_SCORE"/>
    <ObjectMetadata uuid="3430d4bc6c4248c687cea9a79e231e0f" objectType="datastore" displayName="IGX_DS_DQ_RESULTS"/>
    <ObjectMetadata uuid="4f2be746abf741159fe03e317877ac3f" objectType="datastore" displayName="IGX_DS_DQ_ROLLUP_SCORE"/>
    <ObjectMetadata uuid="ce3f20ab8ce8480c89ca294dbae0d866" objectType="datastore" displayName="IGX_DS_DQ_DETAIL_SCORE"/>
    <ObjectMetadata uuid="dd113d14e5f54441ac5cf597fd5676df" objectType="datastore" displayName="IGX_DB_SCORE_REFRESHER_LOG"/>
    <ObjectMetadata uuid="cfb8fd5b392c49a2ae15db573bb0a198_ds" objectType="datastore" displayName="IGX_DS_DQ_HIERARCHICAL_SCORE"/>
    <ObjectMetadata uuid="10ff5df6be05450a942753f7861a0a7a_ds" objectType="datastore" displayName="Data_Element_Rules_Output"/>
    <ObjectMetadata uuid="512e680088f746d1b10bd72ce8f4685a_ds" objectType="datastore" displayName="Data_Element_Rules_Org_Output"/>
    <ObjectMetadata uuid="a9a3eeb8016d4c2983f865f738298b6d_ds" objectType="datastore" displayName="Data_Element_Rules_Latest_Version"/>
    <ObjectMetadata uuid="c6f16952-8bee-4dc9-b004-974a84cacfe7" objectType="dashboard" displayName="DQ Overview"/>
    <ObjectMetadata uuid="ae7300787a894b87aa4e58b2f8a02e5d" objectType="datastore" displayName="CMF_EXT_DATA_Input"/>
    <ObjectMetadata uuid="1bd23d599abf4a87957ab7e3e90777a0" objectType="datastore" displayName="CMF_Input"/>
    <ObjectMetadata uuid="af9a150410a74e098f0ac6eb6acdd95e" objectType="datastore" displayName="CUSTOMER_ID_ACCT_MAP_Input"/>
    <ObjectMetadata uuid="b288509c0fb94bc7808869770f569e2a" objectType="analysis" displayName="IGX_PRC_RE_Read_Source_CUSTOMER_ID_ACCT_MAP"/>
    <ObjectMetadata uuid="e2f462a6d4a341ffa6f7ebbd6cfe6574" objectType="analysis" displayName="IGX_PRC_RE_Read_Source_CMF_EXT_DATA"/>
    <ObjectMetadata uuid="e147e9a36fb54278a2b3f786f82e8c28" objectType="analysis" displayName="IGX_PRC_RE_Read_Source_CMF"/>
    <ObjectMetadata uuid="847541e30b054c8ab3c77151eb29c3b0" objectType="processmodel" displayName="IGX_PM_Rule_Evaluate_CMF"/>
    <ObjectMetadata uuid="ef38602c3e9a40618393603f2634c0dc" objectType="processmodel" displayName="IGX_PM_Rule_Evaluate_CMF_EXT_DATA"/>
    <ObjectMetadata uuid="110f61a8e3de4b9dba03b62fd73145e8" objectType="processmodel" displayName="IGX_PM_Rule_Evaluate_CUSTOMER_ID_ACCT_MAP"/>
</ns2:BomGroupExport>
